{"Np": 96, "sample size:": 5009, "mean": [-2.927956904172211, -2.927902554614922, -2.927701160313381, -2.927655646886535, -2.9277242474580065, -2.9277349447811, -2.927786720581111, -2.9278997803622078, -2.9276829668644955, -2.927566321475147], "error": [0.0001846443925022607, 0.00016582143983948108, 0.00010563934696040776, 9.734738866782763e-05, 8.818285178739015e-05, 0.00018587780791057173, 0.00016222009761855075, 0.00015820793458829822, 6.969377117365723e-05, 4.629014487311132e-05], "variance": [0.00017104734879124753, 0.00013795119430067067, 5.5988072548752826e-05, 4.754367114159304e-05, 3.9013272407723156e-05, 0.0001733401568792489, 0.00013202416147807398, 0.00012557425859311005, 2.4368681471617378e-05, 1.0750314779578524e-05]}