{"Np": 96, "sample size:": 5009, "mean": [-2.9276025717625482], "error": [5.7206661829010284e-05], "variance": [1.641864502477323e-05]}