{"Np": 96, "sample size:": 5003, "mean": [-3.9748499376010304, -3.986561614094667, -3.995668647350581, -3.990287920923563, -3.9918366660459768, -4.007304951827315, -3.9994694696138864, -4.001626864846114], "error": [0.007056321950713784, 0.006847941239490509, 0.006943784882535384, 0.0064934600771117245, 0.006348004612070026, 0.00648341055302814, 0.006173360008920328, 0.0059912070710140194], "variance": [0.2493069391169308, 0.2347997561921106, 0.24141825551409915, 0.21112027403163033, 0.2017678929121956, 0.21046730428237706, 0.19081864161528214, 0.17972407277401628]}