{"Np": 163776, "sample size": 128, "mean": [-0.18644663277675863, -0.18587880298144455], "error": [0.018528119238941047, 0.011562017292132904], "variance": [0.04394127392414941, 0.017111071214538275]}