{
    "system": "4x2 Fermi-Hubbard, t=1.0, U=8.0, N_f=6, D=10, chi=10",
    "Np": 8800,
    "sample size": 4096,
    "mean": [
        -0.7120732449092155,
        -0.7116682189310448,
        -0.7116432870396376,
        -0.7120090802174193,
        -0.7122716276378916,
        -0.7127458901555315,
        -0.7120672240422785,
        -0.7120582627639761,
        -0.7122863482646974,
        -0.7126620244456234,
        -0.7123246410720627,
        -0.712171139973059,
        -0.7129233036415354,
        -0.7127332798640699,
        -0.7124580598064592,
        -0.7123874498924753,
        -0.7131692825362871,
        -0.7129473270743816,
        -0.7128730570219007,
        -0.713064394597677,
        -0.7134167501276745,
        -0.7134866784845769,
        -0.7139370586829891,
        -0.7132821111682229,
        -0.7139108267998069,
        -0.7132295203791863,
        -0.7140746700964041,
        -0.7140366035167256,
        -0.7142391243031041,
        -0.7138922823075164,
        -0.7140111950369578,
        -0.7141968462075794,
        -0.7138137846781797,
        -0.7146542349489093,
        -0.7144220395958822,
        -0.7147007285973828,
        -0.7145842786779073,
        -0.7150064595971652,
        -0.7147608589938628,
        -0.7147038847699094,
        -0.7150920127369527,
        -0.714926573454962,
        -0.7148893963705447,
        -0.7143493682747057,
        -0.7150385461993566,
        -0.7151488441376581,
        -0.7153134575508528,
        -0.715075013600559,
        -0.7145790136989745,
        -0.716097079269344,
        -0.7152105357283016,
        -0.7156608896150425,
        -0.7157570356123955,
        -0.7155769113999362,
        -0.7161078922111817,
        -0.715969291354723,
        -0.716743123658995,
        -0.7164552161205531,
        -0.7161011533073531,
        -0.7158694889275646,
        -0.7163866977454061,
        -0.716399909996571,
        -0.716088079813592,
        -0.7159578412855528,
        -0.71651659975005,
        -0.7167292183284976,
        -0.716656234618684,
        -0.7163506523804548,
        -0.7167533551592062,
        -0.7165764620271131,
        -0.7163658668582653,
        -0.7163753881222678,
        -0.7164027725325166,
        -0.7169445173151148,
        -0.7172129958709694,
        -0.7167316423011408,
        -0.7173633742988912,
        -0.7169362173884261,
        -0.717311674855056,
        -0.7169246643416867,
        -0.7166623354633465,
        -0.7169723624529667,
        -0.7175080122942743,
        -0.7171863199151645,
        -0.7172911615280473,
        -0.7173423361118063,
        -0.7172833084556604,
        -0.7175366261829839,
        -0.7183431361203755,
        -0.7175720121140561,
        -0.7176598636069402,
        -0.7176114850748037,
        -0.7174950811246283,
        -0.7174832465187153,
        -0.7178073230466475,
        -0.717271170862131,
        -0.7175183888658363,
        -0.71762851782968,
        -0.7174341376044346,
        -0.7174607109730802
    ],
    "error": [
        0.0005579846360858864,
        0.0002636450441805813,
        0.0003607384652422524,
        0.0002718566848923753,
        0.0003730281002947769,
        0.0005350360460339883,
        0.0002405809080612639,
        0.00023378753794015176,
        0.00030820473869597637,
        0.0002626329661348107,
        0.0004607976995543347,
        0.00036533731968607907,
        0.00035096583708809677,
        0.00023490125262448376,
        0.0002618737142599869,
        0.0002871657307282461,
        0.00029155661063551893,
        0.00032165255385353326,
        0.00024948735552711714,
        0.00020891460064265046,
        0.0002451230426040125,
        0.00022312968501963818,
        0.0003200024413319298,
        0.0002819034679989881,
        0.00036887630898560584,
        0.00023232304275570468,
        0.00042901206627806116,
        0.0004150981832452371,
        0.0002732753970592556,
        0.00021706362469666016,
        0.0002369029764085359,
        0.0002594817319634395,
        0.00047030743602393034,
        0.0005088004403725263,
        0.0003048186108808483,
        0.0003216567823382207,
        0.0002445509199749205,
        0.00038447788097581377,
        0.0002919733884180029,
        0.000431357133065274,
        0.0003206349611190327,
        0.0002688014445246317,
        0.00034258561717061557,
        0.00023144508417487466,
        0.00018854344646334942,
        0.0002880418228607009,
        0.0002301901899798421,
        0.00021367825488658658,
        0.0008375337923327873,
        0.0004307862234985919,
        0.000258425014191079,
        0.0003406818099078274,
        0.0001950235827844854,
        0.0002603584140012682,
        0.00023225149135954363,
        0.0002980694139414904,
        0.0004451112461566593,
        0.00036198266282740224,
        0.0002757103879333325,
        0.0003216509519576403,
        0.0002740597341820058,
        0.00032742756757479194,
        0.00020230749527925084,
        0.0002521714946941013,
        0.0003278789398915629,
        0.00028345481026137025,
        0.00028750923830711913,
        0.00041019334974596596,
        0.0001757524444925765,
        0.0002758930383195782,
        0.00020785497380271812,
        0.00035114964363320997,
        0.00022603557720587684,
        0.0002388815413589896,
        0.00032776995559169453,
        0.00022222180562689542,
        0.000346810226271546,
        0.0002564867590551494,
        0.00020847822250120087,
        0.000185552749657187,
        0.0003616073397457427,
        0.00020603944872429623,
        0.0002741395945268797,
        0.0002492157974334372,
        0.0001709486675394256,
        0.00020023610905352254,
        0.00028086292920262646,
        0.00016453050789754314,
        0.001061707091988472,
        0.0002849156051341278,
        0.00044109350813604923,
        0.00019963474472705983,
        0.0001734063493459872,
        0.0001715555406594163,
        0.00021878808315884521,
        0.00030900824035830937,
        0.00022862720544139625,
        0.00018213664601921835,
        0.00029114349052553447,
        0.00024846301555739373
    ],