{
    "Lx4_Ly2_D4_depth=2_tau=0.01_maxbond=2": [
        -4.28401327867057,
        -4.238256202064062,
        -4.293066456657067
    ],
    "Lx4_Ly2_D4_depth=2_tau=0.02_maxbond=2": [
        -4.284098432631886,
        -4.238256202064062,
        -4.293066456657067
    ],
    "Lx4_Ly2_D4_depth=2_tau=0.05_maxbond=2": [
        -4.284160982096592,
        -4.238256202064062,
        -4.293066456657067
    ],
    "Lx4_Ly2_D4_depth=2_tau=0.1_maxbond=2": [
        -4.283174985648109,
        -4.238256202064062,
        -4.293066456657067
    ],
    "Lx4_Ly2_D4_depth=2_tau=0.15_maxbond=2": [
        -4.280086218177916,
        -4.238256202064062,
        -4.293066456657067
    ],
    "Lx4_Ly2_D4_depth=2_tau=0.2_maxbond=2": [
        -4.274024381196707,
        -4.238256202064062,
        -4.293066456657067
    ],
    "Lx4_Ly2_D4_depth=2_tau=0.25_maxbond=2": [
        -4.264372180516551,
        -4.238256202064062,
        -4.293066456657067
    ],
    "Lx4_Ly2_D4_depth=2_tau=0.3_maxbond=2": [
        -4.250462485267855,
        -4.238256202064062,
        -4.293066456657067
    ],
    "Lx4_Ly2_D4_depth=2_tau=0.5_maxbond=2": [
        -4.155116416539754,
        -4.238256202064062,
        -4.293066456657067
    ],
    "Lx4_Ly2_D4_depth=2_tau=0.01_maxbond=4": [
        -4.292198272023962,
        -4.238256202064062,
        -4.293066456657067
    ],
    "Lx4_Ly2_D4_depth=2_tau=0.02_maxbond=4": [
        -4.292228795542761,
        -4.238256202064062,
        -4.293066456657067
    ],
    "Lx4_Ly2_D4_depth=2_tau=0.05_maxbond=4": [
        -4.292086004735916,
        -4.238256202064062,
        -4.293066456657067
    ],
    "Lx4_Ly2_D4_depth=2_tau=0.1_maxbond=4": [
        -4.2904999948499185,
        -4.238256202064062,
        -4.293066456657067
    ],
    "Lx4_Ly2_D4_depth=2_tau=0.15_maxbond=4": [
        -4.285815334744183,
        -4.238256202064062,
        -4.293066456657067
    ],
    "Lx4_Ly2_D4_depth=2_tau=0.2_maxbond=4": [
        -4.276797441172099,
        -4.238256202064062,
        -4.293066456657067
    ],
    "Lx4_Ly2_D4_depth=2_tau=0.25_maxbond=4": [
        -4.262881484659816,
        -4.238256202064062,
        -4.293066456657067
    ],
    "Lx4_Ly2_D4_depth=2_tau=0.3_maxbond=4": [
        -4.243893806852765,
        -4.238256202064062,
        -4.293066456657067
    ],
    "Lx4_Ly2_D4_depth=2_tau=0.5_maxbond=4": [
        -4.120229860486908,
        -4.238256202064062,
        -4.293066456657067
    ],
    "Lx4_Ly2_D4_depth=2_tau=0.01_maxbond=6": [
        -4.292213020787883,
        -4.238256202064062,
        -4.293066456657067
    ],
    "Lx4_Ly2_D4_depth=2_tau=0.02_maxbond=6": [
        -4.292258050766073,
        -4.238256202064062,
        -4.293066456657067
    ],
    "Lx4_Ly2_D4_depth=2_tau=0.05_maxbond=6": [
        -4.292165236530834,
        -4.238256202064062,
        -4.293066456657067
    ],
    "Lx4_Ly2_D4_depth=2_tau=0.1_maxbond=6": [
        -4.290640440164131,
        -4.238256202064062,
        -4.293066456657067
    ],
    "Lx4_Ly2_D4_depth=2_tau=0.15_maxbond=6": [
        -4.286137948746225,
        -4.238256202064062,
        -4.293066456657067
    ],
    "Lx4_Ly2_D4_depth=2_tau=0.2_maxbond=6": [
        -4.277511342694012,
        -4.238256202064062,
        -4.293066456657067
    ],
    "Lx4_Ly2_D4_depth=2_tau=0.25_maxbond=6": [
        -4.2641119506985685,
        -4.238256202064062,
        -4.293066456657067
    ],
    "Lx4_Ly2_D4_depth=2_tau=0.3_maxbond=6": [
        -4.24573898741347,
        -4.238256202064062,
        -4.293066456657067
    ],
    "Lx4_Ly2_D4_depth=2_tau=0.5_maxbond=6": [
        -4.125701593005922,
        -4.238256202064062,
        -4.293066456657067
    ],
    "Lx4_Ly2_D4_depth=2_tau=0.01_maxbond=8": [
        -4.292214930709988,
        -4.238256202064062,
        -4.293066456657067
    ],
    "Lx4_Ly2_D4_depth=2_tau=0.02_maxbond=8": [
        -4.292261393390871,
        -4.238256202064062,
        -4.293066456657067
    ],
    "Lx4_Ly2_D4_depth=2_tau=0.05_maxbond=8": [
        -4.292178091649099,
        -4.238256202064062,
        -4.293066456657067
    ],
    "Lx4_Ly2_D4_depth=2_tau=0.1_maxbond=8": [
        -4.290689348832364,
        -4.238256202064062,
        -4.293066456657067
    ],
    "Lx4_Ly2_D4_depth=2_tau=0.15_maxbond=8": [
        -4.2862589697409454,
        -4.238256202064062,
        -4.293066456657067
    ],
    "Lx4_Ly2_D4_depth=2_tau=0.2_maxbond=8": [
        -4.277713188856924,
        -4.238256202064062,
        -4.293066456657067
    ],
    "Lx4_Ly2_D4_depth=2_tau=0.25_maxbond=8": [
        -4.26446077747801,
        -4.238256202064062,
        -4.293066456657067
    ],
    "Lx4_Ly2_D4_depth=2_tau=0.3_maxbond=8": [
        -4.246348514020525,
        -4.238256202064062,
        -4.293066456657067
    ],
    "Lx4_Ly2_D4_depth=2_tau=0.5_maxbond=8": [
        -4.129304361527569,
        -4.238256202064062,
        -4.293066456657067
    ],
    "Lx4_Ly2_D4_depth=3_tau=0.01_maxbond=2": [
        -4.28408364868908,
        -4.238256202064062,
        -4.293066456657067
    ],
    "Lx4_Ly2_D4_depth=3_tau=0.02_maxbond=2": [
        -4.284263053045805,
        -4.238256202064062,
        -4.293066456657067
    ],
    "Lx4_Ly2_D4_depth=3_tau=0.05_maxbond=2": [
        -4.284603296747297,
        -4.238256202064062,
        -4.293066456657067
    ],
    "Lx4_Ly2_D4_depth=3_tau=0.1_maxbond=2": [
        -4.283135202526764,
        -4.238256202064062,
        -4.293066456657067
    ],
    "Lx4_Ly2_D4_depth=3_tau=0.15_maxbond=2": [
        -4.277581959434285,
        -4.238256202064062,
        -4.293066456657067
    ],
    "Lx4_Ly2_D4_depth=3_tau=0.2_maxbond=2": [
        -4.266972853298615,
        -4.238256202064062,
        -4.293066456657067
    ],
    "Lx4_Ly2_D4_depth=3_tau=0.25_maxbond=2": [
        -4.25061037195886,
        -4.238256202064062,
        -4.293066456657067
    ],
    "Lx4_Ly2_D4_depth=3_tau=0.3_maxbond=2": [
        -4.228629649309665,
        -4.238256202064062,
        -4.293066456657067
    ],
    "Lx4_Ly2_D4_depth=3_tau=0.5_maxbond=2": [
        -4.095928271077512,
        -4.238256202064062,
        -4.293066456657067
    ],
    "Lx4_Ly2_D4_depth=3_tau=0.01_maxbond=4": [
        -4.292225576825368,
        -4.238256202064062,
        -4.293066456657067
    ],
    "Lx4_Ly2_D4_depth=3_tau=0.02_maxbond=4": [
        -4.292262626998007,
        -4.238256202064062,
        -4.293066456657067
    ],
    "Lx4_Ly2_D4_depth=3_tau=0.05_maxbond=4": [
        -4.29201018480656,
        -4.238256202064062,
        -4.293066456657067
    ],
    "Lx4_Ly2_D4_depth=3_tau=0.1_maxbond=4": [
        -4.289208895157536,
        -4.238256202064062,
        -4.293066456657067
    ],
    "Lx4_Ly2_D4_depth=3_tau=0.15_maxbond=4": [
        -4.2818889341039235,
        -4.238256202064062,
        -4.293066456657067
    ],
    "Lx4_Ly2_D4_depth=3_tau=0.2_maxbond=4": [
        -4.269001100478006,
        -4.238256202064062,
        -4.293066456657067
    ],
    "Lx4_Ly2_D4_depth=3_tau=0.25_maxbond=4": [
        -4.2507848795450025,
        -4.238256202064062,
        -4.293066456657067
    ],
    "Lx4_Ly2_D4_depth=3_tau=0.3_maxbond=4": [
        -4.227348712349002,
        -4.238256202064062,
        -4.293066456657067
    ],
    "Lx4_Ly2_D4_depth=3_tau=0.5_maxbond=4": [
        -4.09169375610619,
        -4.238256202064062,
        -4.293066456657067
    ],
    "Lx4_Ly2_D4_depth=3_tau=0.01_maxbond=6": [
        -4.292246947899111,
        -4.238256202064062,
        -4.293066456657067
    ],
    "Lx4_Ly2_D4_depth=3_tau=0.02_maxbond=6": [
        -4.292305310520332,
        -4.238256202064062,
        -4.293066456657067
    ],
    "Lx4_Ly2_D4_depth=3_tau=0.05_maxbond=6": [
        -4.292099312535403,
        -4.238256202064062,
        -4.293066456657067
    ],
    "Lx4_Ly2_D4_depth=3_tau=0.1_maxbond=6": [
        -4.289555751278716,
        -4.238256202064062,
        -4.293066456657067
    ],