{
    "L10_D4_depth=2_tau=0.01_maxbond=2": [
        -4.252488109335858,
        -4.251935815622435,
        -4.258035207282876
    ],
    "L10_D4_depth=2_tau=0.05_maxbond=2": [
        -4.2541714527747985,
        -4.251935815622435,
        -4.258035207282876
    ],
    "L10_D4_depth=2_tau=0.1_maxbond=2": [
        -4.255398247258772,
        -4.251935815622435,
        -4.258035207282876
    ],
    "L10_D4_depth=2_tau=0.2_maxbond=2": [
        -4.255945181906868,
        -4.251935815622435,
        -4.258035207282876
    ],
    "L10_D4_depth=2_tau=0.5_maxbond=2": [
        -4.253020713629252,
        -4.251935815622435,
        -4.258035207282876
    ],
    "L10_D4_depth=2_tau=0.15_maxbond=2": [
        -4.255929187425934,
        -4.251935815622435,
        -4.258035207282876
    ],
    "L10_D4_depth=2_tau=0.25_maxbond=2": [
        -4.255825527049927,
        -4.251935815622435,
        -4.258035207282876
    ],
    "L10_D4_depth=2_tau=0.3_maxbond=2": [
        -4.255316793056272,
        -4.251935815622435,
        -4.258035207282876
    ],
    "L10_D4_depth=2_tau=0.01_maxbond=4": [
        -4.2524891118467245,
        -4.251935815622435,
        -4.258035207282876
    ],
    "L10_D4_depth=2_tau=0.05_maxbond=4": [
        -4.254182099801259,
        -4.251935815622435,
        -4.258035207282876
    ],
    "L10_D4_depth=2_tau=0.1_maxbond=4": [
        -4.255493437431415,
        -4.251935815622435,
        -4.258035207282876
    ],
    "L10_D4_depth=2_tau=0.15_maxbond=4": [
        -4.256274856492015,
        -4.251935815622435,
        -4.258035207282876
    ],
    "L10_D4_depth=2_tau=0.2_maxbond=4": [
        -4.256745648602947,
        -4.251935815622435,
        -4.258035207282876
    ],
    "L10_D4_depth=2_tau=0.25_maxbond=4": [
        -4.257025303495966,
        -4.251935815622435,
        -4.258035207282876
    ],
    "L10_D4_depth=2_tau=0.3_maxbond=4": [
        -4.257179198134188,
        -4.251935815622435,
        -4.258035207282876
    ],
    "L10_D4_depth=2_tau=0.01_maxbond=6": [
        -4.2524891118467245,
        -4.251935815622435,
        -4.258035207282876
    ],
    "L10_D4_depth=2_tau=0.05_maxbond=6": [
        -4.254182099801259,
        -4.251935815622435,
        -4.258035207282876
    ],
    "L10_D4_depth=2_tau=0.1_maxbond=6": [
        -4.255493437431415,
        -4.251935815622435,
        -4.258035207282876
    ],
    "L10_D4_depth=2_tau=0.15_maxbond=6": [
        -4.256274856492015,
        -4.251935815622435,
        -4.258035207282876
    ],
    "L10_D4_depth=2_tau=0.2_maxbond=6": [
        -4.256745648602947,
        -4.251935815622435,
        -4.258035207282876
    ],
    "L10_D4_depth=2_tau=0.25_maxbond=6": [
        -4.257025303495966,
        -4.251935815622435,
        -4.258035207282876
    ],
    "L10_D4_depth=2_tau=0.3_maxbond=6": [
        -4.257179198134188,
        -4.251935815622435,
        -4.258035207282876
    ],
    "L10_D4_depth=4_tau=0.01_maxbond=2": [
        -4.252980866292177,
        -4.251935815622435,
        -4.258035207282876
    ],
    "L10_D4_depth=4_tau=0.05_maxbond=2": [
        -4.255380995327487,
        -4.251935815622435,
        -4.258035207282876
    ],
    "L10_D4_depth=4_tau=0.1_maxbond=2": [
        -4.255930133547216,
        -4.251935815622435,
        -4.258035207282876
    ],
    "L10_D4_depth=4_tau=0.15_maxbond=2": [
        -4.255074543015955,
        -4.251935815622435,
        -4.258035207282876
    ],
    "L10_D4_depth=4_tau=0.2_maxbond=2": [
        -4.253637146337212,
        -4.251935815622435,
        -4.258035207282876
    ],
    "L10_D4_depth=4_tau=0.25_maxbond=2": [
        -4.251951843448419,
        -4.251935815622435,
        -4.258035207282876
    ],
    "L10_D4_depth=4_tau=0.3_maxbond=2": [
        -4.249978215765556,
        -4.251935815622435,
        -4.258035207282876
    ],
    "L10_D4_depth=4_tau=0.01_maxbond=4": [
        -4.252984270803526,
        -4.251935815622435,
        -4.258035207282876
    ],
    "L10_D4_depth=4_tau=0.05_maxbond=4": [
        -4.255497095244292,
        -4.251935815622435,
        -4.258035207282876
    ],
    "L10_D4_depth=4_tau=0.1_maxbond=4": [
        -4.256778639711513,
        -4.251935815622435,
        -4.258035207282876
    ],
    "L10_D4_depth=4_tau=0.15_maxbond=4": [
        -4.257294808364084,
        -4.251935815622435,
        -4.258035207282876
    ],
    "L10_D4_depth=4_tau=0.2_maxbond=4": [
        -4.257513647936523,
        -4.251935815622435,
        -4.258035207282876
    ],
    "L10_D4_depth=4_tau=0.25_maxbond=4": [
        -4.257589739846634,
        -4.251935815622435,
        -4.258035207282876
    ],
    "L10_D4_depth=4_tau=0.3_maxbond=4": [
        -4.2575754835296635,
        -4.251935815622435,
        -4.258035207282876
    ],
    "L10_D4_depth=4_tau=0.01_maxbond=8": [
        -4.252984271991,
        -4.251935815622435,
        -4.258035207282876
    ],
    "L10_D4_depth=4_tau=0.05_maxbond=8": [
        -4.255497153636743,
        -4.251935815622435,
        -4.258035207282876
    ],
    "L10_D4_depth=4_tau=0.1_maxbond=8": [
        -4.2567786667739655,
        -4.251935815622435,
        -4.258035207282876
    ],
    "L10_D4_depth=4_tau=0.15_maxbond=8": [
        -4.257294264788555,
        -4.251935815622435,
        -4.258035207282876
    ],
    "L10_D4_depth=4_tau=0.2_maxbond=8": [
        -4.25751217031144,
        -4.251935815622435,
        -4.258035207282876
    ],
    "L10_D4_depth=4_tau=0.25_maxbond=8": [
        -4.257587303791103,
        -4.251935815622435,
        -4.258035207282876
    ],
    "L10_D4_depth=4_tau=0.3_maxbond=8": [
        -4.257575870428403,
        -4.251935815622435,
        -4.258035207282876
    ],
    "L10_D4_depth=2_tau=0.5_maxbond=4": [
        -4.257043720420786,
        -4.251935815622435,
        -4.258035207282876
    ],
    "L10_D4_depth=4_tau=0.5_maxbond=4": [
        -4.256968360751503,
        -4.251935815622435,
        -4.258035207282876
    ],
    "L10_D4_depth=4_tau=0.5_maxbond=2": [
        -4.2432947867109,
        -4.251935815622435,
        -4.258035207282876
    ],
    "L10_D4_depth=4_tau=0.5_maxbond=8": [
        -4.256964551528039,
        -4.251935815622435,
        -4.258035207282876
    ],
    "L10_D4_depth=6_tau=0.01_maxbond=2": [
        -4.253421377474875,
        -4.251935815622435,
        -4.258035207282876
    ],
    "L10_D4_depth=6_tau=0.05_maxbond=2": [
        -4.255910981113191,
        -4.251935815622435,
        -4.258035207282876
    ],
    "L10_D4_depth=6_tau=0.1_maxbond=2": [
        -4.255030534160924,
        -4.251935815622435,
        -4.258035207282876
    ],
    "L10_D4_depth=6_tau=0.15_maxbond=2": [
        -4.252355180254438,
        -4.251935815622435,
        -4.258035207282876
    ],
    "L10_D4_depth=6_tau=0.2_maxbond=2": [
        -4.2491398532049365,
        -4.251935815622435,
        -4.258035207282876
    ],
    "L10_D4_depth=6_tau=0.25_maxbond=2": [
        -4.245760150791256,
        -4.251935815622435,
        -4.258035207282876
    ],
    "L10_D4_depth=6_tau=0.3_maxbond=2": [
        -4.2424638636076555,
        -4.251935815622435,
        -4.258035207282876
    ],
    "L10_D4_depth=6_tau=0.5_maxbond=2": [
        -4.228731367236554,
        -4.251935815622435,
        -4.258035207282876
    ],
    "L10_D4_depth=6_tau=0.01_maxbond=4": [
        -4.253427830675015,
        -4.251935815622435,
        -4.258035207282876
    ],
    "L10_D4_depth=6_tau=0.05_maxbond=4": [
        -4.256290703822551,
        -4.251935815622435,
        -4.258035207282876
    ],
    "L10_D4_depth=6_tau=0.1_maxbond=4": [
        -4.2573158317419395,
        -4.251935815622435,
        -4.258035207282876
    ],
    "L10_D4_depth=6_tau=0.15_maxbond=4": [
        -4.257631273338353,
        -4.251935815622435,
        -4.258035207282876
    ],
    "L10_D4_depth=6_tau=0.2_maxbond=4": [
        -4.257726381817711,
        -4.251935815622435,
        -4.258035207282876
    ],