{
    "L10_D6_depth=2_tau=0.01_maxbond=2": [
        -4.2562240719276945,
        -4.254848653353348,
        -4.258035207282876
    ],
    "L10_D6_depth=4_tau=0.01_maxbond=2": [
        -4.256381820459958,
        -4.254848653353348,
        -4.258035207282876
    ],
    "L10_D6_depth=6_tau=0.01_maxbond=2": [
        -4.256520787680789,
        -4.254848653353348,
        -4.258035207282876
    ],
    "L10_D6_depth=2_tau=0.05_maxbond=2": [
        -4.2567507401634606,
        -4.254848653353348,
        -4.258035207282876
    ],
    "L10_D6_depth=4_tau=0.05_maxbond=2": [
        -4.2570226762584165,
        -4.254848653353348,
        -4.258035207282876
    ],
    "L10_D6_depth=6_tau=0.05_maxbond=2": [
        -4.256881718602892,
        -4.254848653353348,
        -4.258035207282876
    ],
    "L10_D6_depth=2_tau=0.1_maxbond=2": [
        -4.2570153917588405,
        -4.254848653353348,
        -4.258035207282876
    ],
    "L10_D6_depth=4_tau=0.1_maxbond=2": [
        -4.256327877482152,
        -4.254848653353348,
        -4.258035207282876
    ],
    "L10_D6_depth=6_tau=0.1_maxbond=2": [
        -4.2550625003642715,
        -4.254848653353348,
        -4.258035207282876
    ],
    "L10_D6_depth=2_tau=0.15_maxbond=2": [
        -4.2568585975934,
        -4.254848653353348,
        -4.258035207282876
    ],
    "L10_D6_depth=4_tau=0.15_maxbond=2": [
        -4.255183672019932,
        -4.254848653353348,
        -4.258035207282876
    ],
    "L10_D6_depth=6_tau=0.15_maxbond=2": [
        -4.252012955719927,
        -4.254848653353348,
        -4.258035207282876
    ],
    "L10_D6_depth=2_tau=0.2_maxbond=2": [
        -4.256338497972727,
        -4.254848653353348,
        -4.258035207282876
    ],
    "L10_D6_depth=4_tau=0.2_maxbond=2": [
        -4.25342677620169,
        -4.254848653353348,
        -4.258035207282876
    ],
    "L10_D6_depth=6_tau=0.2_maxbond=2": [
        -4.2487146429484515,
        -4.254848653353348,
        -4.258035207282876
    ],
    "L10_D6_depth=2_tau=0.25_maxbond=2": [
        -4.255853855616716,
        -4.254848653353348,
        -4.258035207282876
    ],
    "L10_D6_depth=4_tau=0.25_maxbond=2": [
        -4.2515832445722745,
        -4.254848653353348,
        -4.258035207282876
    ],
    "L10_D6_depth=6_tau=0.25_maxbond=2": [
        -4.245237644207773,
        -4.254848653353348,
        -4.258035207282876
    ],
    "L10_D6_depth=2_tau=0.3_maxbond=2": [
        -4.255419727395706,
        -4.254848653353348,
        -4.258035207282876
    ],
    "L10_D6_depth=4_tau=0.3_maxbond=2": [
        -4.249591681943698,
        -4.254848653353348,
        -4.258035207282876
    ],
    "L10_D6_depth=6_tau=0.3_maxbond=2": [
        -4.241909650613327,
        -4.254848653353348,
        -4.258035207282876
    ],
    "L10_D6_depth=2_tau=0.5_maxbond=2": [
        -4.252691369414492,
        -4.254848653353348,
        -4.258035207282876
    ],
    "L10_D6_depth=4_tau=0.5_maxbond=2": [
        -4.242795144931498,
        -4.254848653353348,
        -4.258035207282876
    ],
    "L10_D6_depth=6_tau=0.5_maxbond=2": [
        -4.228440141467643,
        -4.254848653353348,
        -4.258035207282876
    ],
    "L10_D6_depth=2_tau=0.01_maxbond=4": [
        -4.256225419935228,
        -4.254848653353348,
        -4.258035207282876
    ],
    "L10_D6_depth=4_tau=0.01_maxbond=4": [
        -4.256386640722541,
        -4.254848653353348,
        -4.258035207282876
    ],
    "L10_D6_depth=6_tau=0.01_maxbond=4": [
        -4.256531010676585,
        -4.254848653353348,
        -4.258035207282876
    ],
    "L10_D6_depth=2_tau=0.05_maxbond=4": [
        -4.256776293727911,
        -4.254848653353348,
        -4.258035207282876
    ],
    "L10_D6_depth=4_tau=0.05_maxbond=4": [
        -4.257203525872808,
        -4.254848653353348,
        -4.258035207282876
    ],
    "L10_D6_depth=6_tau=0.05_maxbond=4": [
        -4.257461118489571,
        -4.254848653353348,
        -4.258035207282876
    ],
    "L10_D6_depth=2_tau=0.1_maxbond=4": [
        -4.25720107505532,
        -4.254848653353348,
        -4.258035207282876
    ],
    "L10_D6_depth=4_tau=0.1_maxbond=4": [
        -4.257615515220435,
        -4.254848653353348,
        -4.258035207282876
    ],
    "L10_D6_depth=6_tau=0.1_maxbond=4": [
        -4.257786545407062,
        -4.254848653353348,
        -4.258035207282876
    ],
    "L10_D6_depth=2_tau=0.15_maxbond=4": [
        -4.257449205703259,
        -4.254848653353348,
        -4.258035207282876
    ],
    "L10_D6_depth=4_tau=0.15_maxbond=4": [
        -4.257768815215158,
        -4.254848653353348,
        -4.258035207282876
    ],
    "L10_D6_depth=6_tau=0.15_maxbond=4": [
        -4.257867614500028,
        -4.254848653353348,
        -4.258035207282876
    ],
    "L10_D6_depth=2_tau=0.2_maxbond=4": [
        -4.257589088819125,
        -4.254848653353348,
        -4.258035207282876
    ],
    "L10_D6_depth=4_tau=0.2_maxbond=4": [
        -4.257810580826501,
        -4.254848653353348,
        -4.258035207282876
    ],
    "L10_D6_depth=6_tau=0.2_maxbond=4": [
        -4.257858472229109,
        -4.254848653353348,
        -4.258035207282876
    ],
    "L10_D6_depth=2_tau=0.25_maxbond=4": [
        -4.257656251314712,
        -4.254848653353348,
        -4.258035207282876
    ],
    "L10_D6_depth=4_tau=0.25_maxbond=4": [
        -4.257787876549589,
        -4.254848653353348,
        -4.258035207282876
    ],
    "L10_D6_depth=6_tau=0.25_maxbond=4": [
        -4.257792864322566,
        -4.254848653353348,
        -4.258035207282876
    ],
    "L10_D6_depth=2_tau=0.3_maxbond=4": [
        -4.257668596812811,
        -4.254848653353348,
        -4.258035207282876
    ],
    "L10_D6_depth=4_tau=0.3_maxbond=4": [
        -4.257715207636068,
        -4.254848653353348,
        -4.258035207282876
    ],
    "L10_D6_depth=6_tau=0.3_maxbond=4": [
        -4.2576868751163985,
        -4.254848653353348,
        -4.258035207282876
    ],
    "L10_D6_depth=2_tau=0.5_maxbond=4": [
        -4.257274669196026,
        -4.254848653353348,
        -4.258035207282876
    ],
    "L10_D6_depth=4_tau=0.5_maxbond=4": [
        -4.257004726961585,
        -4.254848653353348,
        -4.258035207282876
    ],
    "L10_D6_depth=6_tau=0.5_maxbond=4": [
        -4.2569138110638125,
        -4.254848653353348,
        -4.258035207282876
    ],
    "L10_D6_depth=2_tau=0.01_maxbond=6": [
        -4.256225421774393,
        -4.254848653353348,
        -4.258035207282876
    ],
    "L10_D6_depth=4_tau=0.01_maxbond=6": [
        -4.256386654568299,
        -4.254848653353348,
        -4.258035207282876
    ],
    "L10_D6_depth=6_tau=0.01_maxbond=6": [
        -4.256531047569775,
        -4.254848653353348,
        -4.258035207282876
    ],
    "L10_D6_depth=2_tau=0.05_maxbond=6": [
        -4.256776343899856,
        -4.254848653353348,
        -4.258035207282876
    ],
    "L10_D6_depth=4_tau=0.05_maxbond=6": [
        -4.25720372385856,
        -4.254848653353348,
        -4.258035207282876
    ],
    "L10_D6_depth=6_tau=0.05_maxbond=6": [
        -4.2574612597331605,
        -4.254848653353348,
        -4.258035207282876
    ],
    "L10_D6_depth=2_tau=0.1_maxbond=6": [
        -4.2572011263516485,
        -4.254848653353348,
        -4.258035207282876
    ],
    "L10_D6_depth=4_tau=0.1_maxbond=6": [
        -4.257615487113381,
        -4.254848653353348,
        -4.258035207282876
    ],
    "L10_D6_depth=6_tau=0.1_maxbond=6": [
        -4.257786026829009,
        -4.254848653353348,
        -4.258035207282876
    ],
    "L10_D6_depth=2_tau=0.15_maxbond=6": [
        -4.2574492403496205,
        -4.254848653353348,
        -4.258035207282876
    ],
    "L10_D6_depth=4_tau=0.15_maxbond=6": [
        -4.257768359938379,
        -4.254848653353348,
        -4.258035207282876
    ],
    "L10_D6_depth=6_tau=0.15_maxbond=6": [
        -4.257866382274298,
        -4.254848653353348,
        -4.258035207282876
    ],