{
    "Lx4_Ly2_D2_depth=1_tau=0.01_maxbond=2": [
        -4.041425707502368,
        -3.973448970418529,
        -4.293066456657067
    ],
    "Lx4_Ly2_D2_depth=1_tau=0.05_maxbond=2": [
        -4.055789704475674,
        -3.973448970418529,
        -4.293066456657067
    ],
    "Lx4_Ly2_D2_depth=1_tau=0.01_maxbond=4": [
        -4.041486002363803,
        -3.973448970418529,
        -4.293066456657067
    ],
    "Lx4_Ly2_D2_depth=1_tau=0.05_maxbond=4": [
        -4.056330700356656,
        -3.973448970418529,
        -4.293066456657067
    ],
    "Lx4_Ly2_D2_depth=1_tau=0.01_maxbond=6": [
        -4.041486002363803,
        -3.973448970418529,
        -4.293066456657067
    ],
    "Lx4_Ly2_D2_depth=1_tau=0.05_maxbond=6": [
        -4.056330700356657,
        -3.973448970418529,
        -4.293066456657067
    ],
    "Lx4_Ly2_D2_depth=1_tau=0.01_maxbond=8": [
        -4.041486002363804,
        -3.973448970418529,
        -4.293066456657067
    ],
    "Lx4_Ly2_D2_depth=1_tau=0.05_maxbond=8": [
        -4.056330700356656,
        -3.973448970418529,
        -4.293066456657067
    ],
    "Lx4_Ly2_D2_depth=1_tau=0.02_maxbond=2": [
        -4.045211354042264,
        -3.973448970418529,
        -4.293066456657067
    ],
    "Lx4_Ly2_D2_depth=1_tau=0.1_maxbond=2": [
        -4.070981471208293,
        -3.973448970418529,
        -4.293066456657067
    ],
    "Lx4_Ly2_D2_depth=1_tau=0.15_maxbond=2": [
        -4.083148074833653,
        -3.973448970418529,
        -4.293066456657067
    ],
    "Lx4_Ly2_D2_depth=1_tau=0.2_maxbond=2": [
        -4.092132775023341,
        -3.973448970418529,
        -4.293066456657067
    ],
    "Lx4_Ly2_D2_depth=1_tau=0.25_maxbond=2": [
        -4.097625987837274,
        -3.973448970418529,
        -4.293066456657067
    ],
    "Lx4_Ly2_D2_depth=1_tau=0.3_maxbond=2": [
        -4.099288755911596,
        -3.973448970418529,
        -4.293066456657067
    ],
    "Lx4_Ly2_D2_depth=1_tau=0.5_maxbond=2": [
        -4.06269139482615,
        -3.973448970418529,
        -4.293066456657067
    ],
    "Lx4_Ly2_D2_depth=1_tau=0.02_maxbond=4": [
        -4.045365856496987,
        -3.973448970418529,
        -4.293066456657067
    ],
    "Lx4_Ly2_D2_depth=1_tau=0.1_maxbond=4": [
        -4.0725155945062905,
        -3.973448970418529,
        -4.293066456657067
    ],
    "Lx4_Ly2_D2_depth=1_tau=0.15_maxbond=4": [
        -4.086039114370041,
        -3.973448970418529,
        -4.293066456657067
    ],
    "Lx4_Ly2_D2_depth=1_tau=0.2_maxbond=4": [
        -4.096566230624501,
        -3.973448970418529,
        -4.293066456657067
    ],
    "Lx4_Ly2_D2_depth=1_tau=0.25_maxbond=4": [
        -4.103644242859838,
        -3.973448970418529,
        -4.293066456657067
    ],
    "Lx4_Ly2_D2_depth=1_tau=0.3_maxbond=4": [
        -4.106821469082883,
        -3.973448970418529,
        -4.293066456657067
    ],
    "Lx4_Ly2_D2_depth=1_tau=0.5_maxbond=4": [
        -4.073860505604616,
        -3.973448970418529,
        -4.293066456657067
    ],
    "Lx4_Ly2_D2_depth=1_tau=0.02_maxbond=6": [
        -4.0453658564969865,
        -3.973448970418529,
        -4.293066456657067
    ],
    "Lx4_Ly2_D2_depth=1_tau=0.1_maxbond=6": [
        -4.072515594506291,
        -3.973448970418529,
        -4.293066456657067
    ],
    "Lx4_Ly2_D2_depth=1_tau=0.15_maxbond=6": [
        -4.08603911437004,
        -3.973448970418529,
        -4.293066456657067
    ],
    "Lx4_Ly2_D2_depth=1_tau=0.2_maxbond=6": [
        -4.096566230624501,
        -3.973448970418529,
        -4.293066456657067
    ],
    "Lx4_Ly2_D2_depth=1_tau=0.25_maxbond=6": [
        -4.103644242859837,
        -3.973448970418529,
        -4.293066456657067
    ],
    "Lx4_Ly2_D2_depth=1_tau=0.3_maxbond=6": [
        -4.106821469082881,
        -3.973448970418529,
        -4.293066456657067
    ],
    "Lx4_Ly2_D2_depth=1_tau=0.5_maxbond=6": [
        -4.073860505604616,
        -3.973448970418529,
        -4.293066456657067
    ],
    "Lx4_Ly2_D2_depth=1_tau=0.02_maxbond=8": [
        -4.045365856496987,
        -3.973448970418529,
        -4.293066456657067
    ],
    "Lx4_Ly2_D2_depth=1_tau=0.1_maxbond=8": [
        -4.072515594506291,
        -3.973448970418529,
        -4.293066456657067
    ],
    "Lx4_Ly2_D2_depth=1_tau=0.15_maxbond=8": [
        -4.086039114370041,
        -3.973448970418529,
        -4.293066456657067
    ],
    "Lx4_Ly2_D2_depth=1_tau=0.2_maxbond=8": [
        -4.096566230624501,
        -3.973448970418529,
        -4.293066456657067
    ],
    "Lx4_Ly2_D2_depth=1_tau=0.25_maxbond=8": [
        -4.103644242859838,
        -3.973448970418529,
        -4.293066456657067
    ],
    "Lx4_Ly2_D2_depth=1_tau=0.3_maxbond=8": [
        -4.106821469082883,
        -3.973448970418529,
        -4.293066456657067
    ],
    "Lx4_Ly2_D2_depth=1_tau=0.5_maxbond=8": [
        -4.073860505604615,
        -3.973448970418529,
        -4.293066456657067
    ],
    "Lx4_Ly2_D2_depth=2_tau=0.01_maxbond=2": [
        -4.045359866304035,
        -3.973448970418529,
        -4.293066456657067
    ],
    "Lx4_Ly2_D2_depth=4_tau=0.01_maxbond=2": [
        -4.052814546376947,
        -3.973448970418529,
        -4.293066456657067
    ],
    "Lx4_Ly2_D2_depth=2_tau=0.02_maxbond=2": [
        -4.052750050824513,
        -3.973448970418529,
        -4.293066456657067
    ],
    "Lx4_Ly2_D2_depth=4_tau=0.02_maxbond=2": [
        -4.06646255966963,
        -3.973448970418529,
        -4.293066456657067
    ],
    "Lx4_Ly2_D2_depth=2_tau=0.05_maxbond=2": [
        -4.072527500269476,
        -3.973448970418529,
        -4.293066456657067
    ],
    "Lx4_Ly2_D2_depth=4_tau=0.05_maxbond=2": [
        -4.0997221336649545,
        -3.973448970418529,
        -4.293066456657067
    ],
    "Lx4_Ly2_D2_depth=2_tau=0.1_maxbond=2": [
        -4.098564931711448,
        -3.973448970418529,
        -4.293066456657067
    ],
    "Lx4_Ly2_D2_depth=4_tau=0.1_maxbond=2": [
        -4.13639138322256,
        -3.973448970418529,
        -4.293066456657067
    ],
    "Lx4_Ly2_D2_depth=2_tau=0.15_maxbond=2": [
        -4.117980535600624,
        -3.973448970418529,
        -4.293066456657067
    ],
    "Lx4_Ly2_D2_depth=4_tau=0.15_maxbond=2": [
        -4.1574206230835875,
        -3.973448970418529,
        -4.293066456657067
    ],
    "Lx4_Ly2_D2_depth=2_tau=0.2_maxbond=2": [
        -4.130327954410685,
        -3.973448970418529,
        -4.293066456657067
    ],
    "Lx4_Ly2_D2_depth=4_tau=0.2_maxbond=2": [
        -4.165612474085123,
        -3.973448970418529,
        -4.293066456657067
    ],
    "Lx4_Ly2_D2_depth=2_tau=0.25_maxbond=2": [
        -4.1377111095121375,
        -3.973448970418529,
        -4.293066456657067
    ],
    "Lx4_Ly2_D2_depth=4_tau=0.25_maxbond=2": [
        -4.164444811715156,
        -3.973448970418529,
        -4.293066456657067
    ],
    "Lx4_Ly2_D2_depth=2_tau=0.3_maxbond=2": [
        -4.139445670327687,
        -3.973448970418529,
        -4.293066456657067
    ],
    "Lx4_Ly2_D2_depth=4_tau=0.3_maxbond=2": [
        -4.154461682623417,
        -3.973448970418529,
        -4.293066456657067
    ],
    "Lx4_Ly2_D2_depth=2_tau=0.5_maxbond=2": [
        -4.090744871658022,
        -3.973448970418529,
        -4.293066456657067
    ],
    "Lx4_Ly2_D2_depth=4_tau=0.5_maxbond=2": [
        -4.0324550461351825,
        -3.973448970418529,
        -4.293066456657067
    ],
    "Lx4_Ly2_D2_depth=2_tau=0.01_maxbond=4": [
        -4.045380676984756,
        -3.973448970418529,
        -4.293066456657067
    ],
    "Lx4_Ly2_D2_depth=4_tau=0.01_maxbond=4": [
        -4.052867442979861,
        -3.973448970418529,
        -4.293066456657067
    ],
    "Lx4_Ly2_D2_depth=2_tau=0.02_maxbond=4": [
        -4.0528409276909905,
        -3.973448970418529,
        -4.293066456657067
    ],
    "Lx4_Ly2_D2_depth=4_tau=0.02_maxbond=4": [
        -4.066714802413341,
        -3.973448970418529,
        -4.293066456657067
    ],