{
    "L10_D4_depth=4_tau=0.01_maxbond=2": [
        -4.252987339373533,
        -4.251935815622435,
        -4.258035207282876
    ],
    "L10_D4_depth=4_tau=0.05_maxbond=2": [
        -4.255516181380204,
        -4.251935815622435,
        -4.258035207282876
    ],
    "L10_D4_depth=4_tau=0.1_maxbond=2": [
        -4.256715901759011,
        -4.251935815622435,
        -4.258035207282876
    ],
    "L10_D4_depth=4_tau=0.15_maxbond=2": [
        -4.256919108677109,
        -4.251935815622435,
        -4.258035207282876
    ],
    "L10_D4_depth=4_tau=0.2_maxbond=2": [
        -4.256479027574048,
        -4.251935815622435,
        -4.258035207282876
    ],
    "L10_D4_depth=4_tau=0.25_maxbond=2": [
        -4.2554605484875125,
        -4.251935815622435,
        -4.258035207282876
    ],
    "L10_D4_depth=4_tau=0.3_maxbond=2": [
        -4.254349099238672,
        -4.251935815622435,
        -4.258035207282876
    ],
    "L10_D4_depth=4_tau=0.5_maxbond=2": [
        -4.249545339308837,
        -4.251935815622435,
        -4.258035207282876
    ],
    "L10_D4_depth=4_tau=0.01_maxbond=4": [
        -4.252984271851971,
        -4.251935815622435,
        -4.258035207282876
    ],
    "L10_D4_depth=4_tau=0.05_maxbond=4": [
        -4.255497072010969,
        -4.251935815622435,
        -4.258035207282876
    ],
    "L10_D4_depth=4_tau=0.1_maxbond=4": [
        -4.256777676753735,
        -4.251935815622435,
        -4.258035207282876
    ],
    "L10_D4_depth=4_tau=0.15_maxbond=4": [
        -4.2572904988329965,
        -4.251935815622435,
        -4.258035207282876
    ],
    "L10_D4_depth=4_tau=0.2_maxbond=4": [
        -4.257503485068429,
        -4.251935815622435,
        -4.258035207282876
    ],
    "L10_D4_depth=4_tau=0.25_maxbond=4": [
        -4.257573365422376,
        -4.251935815622435,
        -4.258035207282876
    ],
    "L10_D4_depth=4_tau=0.3_maxbond=4": [
        -4.257558319984606,
        -4.251935815622435,
        -4.258035207282876
    ],
    "L10_D4_depth=4_tau=0.5_maxbond=4": [
        -4.256945872461799,
        -4.251935815622435,
        -4.258035207282876
    ],
    "L10_D4_depth=4_tau=0.01_maxbond=6": [
        -4.25298427199049,
        -4.251935815622435,
        -4.258035207282876
    ],
    "L10_D4_depth=4_tau=0.05_maxbond=6": [
        -4.255497150832804,
        -4.251935815622435,
        -4.258035207282876
    ],
    "L10_D4_depth=4_tau=0.1_maxbond=6": [
        -4.256778603599782,
        -4.251935815622435,
        -4.258035207282876
    ],
    "L10_D4_depth=4_tau=0.15_maxbond=6": [
        -4.257293991845924,
        -4.251935815622435,
        -4.258035207282876
    ],
    "L10_D4_depth=4_tau=0.2_maxbond=6": [
        -4.257511628429174,
        -4.251935815622435,
        -4.258035207282876
    ],
    "L10_D4_depth=4_tau=0.25_maxbond=6": [
        -4.257586309607699,
        -4.251935815622435,
        -4.258035207282876
    ],
    "L10_D4_depth=4_tau=0.3_maxbond=6": [
        -4.25757440774707,
        -4.251935815622435,
        -4.258035207282876
    ],
    "L10_D4_depth=4_tau=0.5_maxbond=6": [
        -4.256963102345223,
        -4.251935815622435,
        -4.258035207282876
    ],
    "L10_D4_depth=4_tau=0.01_maxbond=8": [
        -4.252984271991001,
        -4.251935815622435,
        -4.258035207282876
    ],
    "L10_D4_depth=4_tau=0.05_maxbond=8": [
        -4.255497153627809,
        -4.251935815622435,
        -4.258035207282876
    ],
    "L10_D4_depth=4_tau=0.1_maxbond=8": [
        -4.256778666114323,
        -4.251935815622435,
        -4.258035207282876
    ],
    "L10_D4_depth=4_tau=0.15_maxbond=8": [
        -4.257294259043172,
        -4.251935815622435,
        -4.258035207282876
    ],
    "L10_D4_depth=4_tau=0.2_maxbond=8": [
        -4.257512149663811,
        -4.251935815622435,
        -4.258035207282876
    ],
    "L10_D4_depth=4_tau=0.25_maxbond=8": [
        -4.257587261895484,
        -4.251935815622435,
        -4.258035207282876
    ],
    "L10_D4_depth=4_tau=0.3_maxbond=8": [
        -4.257575792661953,
        -4.251935815622435,
        -4.258035207282876
    ],
    "L10_D4_depth=4_tau=0.5_maxbond=8": [
        -4.256964303258804,
        -4.251935815622435,
        -4.258035207282876
    ],
    "L10_D4_depth=10_tau=0.01_maxbond=2": [
        -4.254198029785827,
        -4.251935815622435,
        -4.258035207282876
    ],
    "L10_D4_depth=10_tau=0.05_maxbond=2": [
        -4.2568797563486385,
        -4.251935815622435,
        -4.258035207282876
    ],
    "L10_D4_depth=10_tau=0.1_maxbond=2": [
        -4.254923407847329,
        -4.251935815622435,
        -4.258035207282876
    ],
    "L10_D4_depth=10_tau=0.15_maxbond=2": [
        -4.248527193478312,
        -4.251935815622435,
        -4.258035207282876
    ],
    "L10_D4_depth=10_tau=0.2_maxbond=2": [
        -4.243671615695171,
        -4.251935815622435,
        -4.258035207282876
    ],
    "L10_D4_depth=10_tau=0.25_maxbond=2": [
        -4.237720608464286,
        -4.251935815622435,
        -4.258035207282876
    ],
    "L10_D4_depth=10_tau=0.3_maxbond=2": [
        -4.2316869860803195,
        -4.251935815622435,
        -4.258035207282876
    ],
    "L10_D4_depth=10_tau=0.5_maxbond=2": [
        -4.222395403888172,
        -4.251935815622435,
        -4.258035207282876
    ],
    "L10_D4_depth=10_tau=0.01_maxbond=4": [
        -4.25418261434254,
        -4.251935815622435,
        -4.258035207282876
    ],
    "L10_D4_depth=10_tau=0.05_maxbond=4": [
        -4.257106199896392,
        -4.251935815622435,
        -4.258035207282876
    ],
    "L10_D4_depth=10_tau=0.1_maxbond=4": [
        -4.2576989817603605,
        -4.251935815622435,
        -4.258035207282876
    ],
    "L10_D4_depth=10_tau=0.15_maxbond=4": [
        -4.257809380234733,
        -4.251935815622435,
        -4.258035207282876
    ],
    "L10_D4_depth=10_tau=0.2_maxbond=4": [
        -4.257789832579764,
        -4.251935815622435,
        -4.258035207282876
    ],
    "L10_D4_depth=10_tau=0.25_maxbond=4": [
        -4.2577166394646175,
        -4.251935815622435,
        -4.258035207282876
    ],
    "L10_D4_depth=10_tau=0.3_maxbond=4": [
        -4.257605486699789,
        -4.251935815622435,
        -4.258035207282876
    ],
    "L10_D4_depth=10_tau=0.5_maxbond=4": [
        -4.25682491928484,
        -4.251935815622435,
        -4.258035207282876
    ],
    "L10_D4_depth=10_tau=0.01_maxbond=6": [
        -4.254182618831186,
        -4.251935815622435,
        -4.258035207282876
    ],
    "L10_D4_depth=10_tau=0.05_maxbond=6": [
        -4.2571088356210485,
        -4.251935815622435,
        -4.258035207282876
    ],
    "L10_D4_depth=10_tau=0.1_maxbond=6": [
        -4.257719798817945,
        -4.251935815622435,
        -4.258035207282876
    ],
    "L10_D4_depth=10_tau=0.15_maxbond=6": [
        -4.257846440441254,
        -4.251935815622435,
        -4.258035207282876
    ],
    "L10_D4_depth=10_tau=0.2_maxbond=6": [
        -4.25783897110391,
        -4.251935815622435,
        -4.258035207282876
    ],
    "L10_D4_depth=10_tau=0.25_maxbond=6": [
        -4.25776834149471,
        -4.251935815622435,
        -4.258035207282876
    ],
    "L10_D4_depth=10_tau=0.3_maxbond=6": [
        -4.25765690560503,
        -4.251935815622435,
        -4.258035207282876
    ],
    "L10_D4_depth=10_tau=0.5_maxbond=6": [
        -4.256863413527593,
        -4.251935815622435,
        -4.258035207282876
    ],
    "L10_D4_depth=10_tau=0.01_maxbond=8": [
        -4.254182618937315,
        -4.251935815622435,
        -4.258035207282876
    ],
    "L10_D4_depth=10_tau=0.05_maxbond=8": [
        -4.257109062868202,
        -4.251935815622435,
        -4.258035207282876
    ],
    "L10_D4_depth=10_tau=0.1_maxbond=8": [
        -4.257721890650228,
        -4.251935815622435,
        -4.258035207282876
    ],
    "L10_D4_depth=10_tau=0.15_maxbond=8": [
        -4.257850411153174,
        -4.251935815622435,
        -4.258035207282876
    ],