{
    "Lx4_Ly4_D4_depth=1_tau=0.0_maxbond=-1": [
        -9.16928098570407,
        0.0,
        -9.189207065192965
    ],
    "Lx4_Ly4_D4_depth=1_tau=0.01_maxbond=-1": [
        -9.169641790110424,
        0.0,
        -9.189207065192965
    ],
    "Lx4_Ly4_D4_depth=1_tau=0.015_maxbond=-1": [
        -9.169814889572182,
        0.0,
        -9.189207065192965
    ],
    "Lx4_Ly4_D4_depth=1_tau=0.02_maxbond=-1": [
        -9.169982349690665,
        0.0,
        -9.189207065192965
    ],
    "Lx4_Ly4_D4_depth=1_tau=0.025_maxbond=-1": [
        -9.170143251598477,
        0.0,
        -9.189207065192965
    ],
    "Lx4_Ly4_D4_depth=1_tau=0.03_maxbond=-1": [
        -9.170296434427089,
        0.0,
        -9.189207065192965
    ],
    "Lx4_Ly4_D4_depth=1_tau=0.04_maxbond=-1": [
        -9.170573927859673,
        0.0,
        -9.189207065192965
    ],
    "Lx4_Ly4_D4_depth=1_tau=0.05_maxbond=-1": [
        -9.170801549926198,
        0.0,
        -9.189207065192965
    ],
    "Lx4_Ly4_D4_depth=1_tau=0.0_maxbond=2": [
        -9.14659517898963,
        0.0,
        -9.189207065192965
    ],
    "Lx4_Ly4_D4_depth=1_tau=0.01_maxbond=2": [
        -9.144992882661539,
        0.0,
        -9.189207065192965
    ],
    "Lx4_Ly4_D4_depth=1_tau=0.0_maxbond=10": [
        -9.169281673055657,
        0.0,
        -9.189207065192965
    ],
    "Lx4_Ly4_D4_depth=1_tau=0.01_maxbond=10": [
        -9.169643450337578,
        0.0,
        -9.189207065192965
    ],
    "Lx4_Ly4_D4_depth=2_tau=0.01_maxbond=8": [
        -9.169994181750248,
        0.0,
        -9.189207065192965
    ],
    "Lx4_Ly4_D4_depth=2_tau=0.02_maxbond=8": [
        -9.170640790528356,
        0.0,
        -9.189207065192965
    ],
    "Lx4_Ly4_D4_depth=2_tau=0.03_maxbond=8": [
        -9.171202643123927,
        0.0,
        -9.189207065192965
    ],
    "Lx4_Ly4_D4_depth=2_tau=0.04_maxbond=8": [
        -9.171651838025182,
        0.0,
        -9.189207065192965
    ],
    "Lx4_Ly4_D4_depth=2_tau=0.05_maxbond=8": [
        -9.171949150254443,
        0.0,
        -9.189207065192965
    ],
    "Lx4_Ly4_D4_depth=2_tau=0.06_maxbond=8": [
        -9.172056322321355,
        0.0,
        -9.189207065192965
    ],
    "Lx4_Ly4_D4_depth=2_tau=0.07_maxbond=8": [
        -9.171933355775602,
        0.0,
        -9.189207065192965
    ],
    "Lx4_Ly4_D4_depth=2_tau=0.08_maxbond=8": [
        -9.171546357278334,
        0.0,
        -9.189207065192965
    ]
}