{"Np": 7136, "sample size": 336, "mean": [-0.18649406640218502, -0.19908835553483323, -0.2012493822545356, -0.21602173963578308, -0.2272101673233553, -0.23195197721374547, -0.23639334845788304, -0.23416012597856906, -0.24041991811324587, -0.2400797111985542, -0.24669173315269408, -0.2581923843710261, -0.26945569282189785, -0.2692728215086234, -0.2647490529276342, -0.2817758557531712, -0.28163181273442595, -0.28569075434829977, -0.2811898270763744, -0.29362899854014124, -0.2977908787820465, -0.30150974945807874, -0.2874623121595664, -0.29940404371102214, -0.29607347805298045, -0.2974729256171647, -0.3031047753152592, -0.3087968353905645, -0.3252495740917378, -0.29443196355153667, -0.3117952747944971, -0.31388300478214887, -0.3221366641470964, -0.31706045215138473, -0.32162624386783023, -0.32327388290405484, -0.32743249728397894, -0.3206463286378242, -0.33102061181947984, -0.3308122566282038, -0.3258548458737132, -0.33916462151214416, -0.3330034097649966, -0.3391397203925854, -0.3388248975880544, -0.3332809614124335, -0.33546287043767736, -0.3378882891358114, -0.33332535289383264, -0.33639099711819975], "error": [0.00419789331203376, 0.004023089694801693, 0.005825729572656771, 0.003933261887251516, 0.00517749149319639, 0.005104816338614032, 0.0037150571267801384, 0.004616537052900478, 0.004085073645957365, 0.006430114933561103, 0.0034796594386118165, 0.0029869534135981597, 0.013370747336067195, 0.0057270594992174795, 0.016640550512668408, 0.005456330205757761, 0.003594776707090112, 0.002856162098280502, 0.006363743367743918, 0.0031392405082765226, 0.002963438374100039, 0.004439575433219805, 0.01315822281297537, 0.0055481675780388534, 0.010137756190168865, 0.004277950525305777, 0.0037018029901220006, 0.0037200111629268227, 0.01743171584581424, 0.008753537183613427, 0.005038682787444501, 0.005963659062078666, 0.003938905891850418, 0.003457139925462743, 0.002328545699209789, 0.00470661982623939, 0.0019509862001778576, 0.006817443420164735, 0.003158011706555069, 0.0031818938901853003, 0.005522982880768108, 0.007153918816348247, 0.0029596536523960578, 0.004602393674768311, 0.003965088163493128, 0.005032851535579134, 0.0026659516512492825, 0.0019358927600747768, 0.005411951135762561, 0.006638126559532865], "variance": [0.005921095575097172, 0.005438244232652979, 0.011403546018052487, 0.005198104488764999, 0.00900695650247265, 0.008755874349929539, 0.0046373542169606055, 0.007160971225229819, 0.0056071097688128535, 0.01389238302775865, 0.004068298015730022, 0.0029977552735219147, 0.06006903313318253, 0.011020534730545928, 0.09304106157852873, 0.010003237209592883, 0.004341932976809444, 0.0027409744090357707, 0.01360706916256958, 0.0033112232055182247, 0.002950740911021797, 0.006622502889155602, 0.05817464607222424, 0.01034280692726451, 0.03453209779195919, 0.006149089194179897, 0.004604324046899198, 0.004649730305572858, 0.10209854502261498, 0.025745802843567374, 0.008530476942116469, 0.011949917081327564, 0.005213033153950923, 0.004015810331980789, 0.001821834024631624, 0.007443162783419901, 0.0012789326435035705, 0.015616451688481539, 0.0033509407474162567, 0.0034018147727419112, 0.01024912220682255, 0.017195994288782906, 0.0029432087133594853, 0.007117161252615914, 0.005282566512475832, 0.008510743778604899, 0.002388052197484389, 0.001259220741579339, 0.009841176272216243, 0.014805747338046208]}