{"Np": 640, "sample size": 336, "mean": [-0.2442717680025996, -0.2469703168086656, -0.24554317537179818, -0.24940207561435387, -0.25152987013883493, -0.2520750979169395, -0.2472775781359348, -0.24613825343664592, -0.25411526833586456, -0.25684553759429596, -0.2521913954879832, -0.25878081167273276, -0.24669083904487324, -0.26475817259701745, -0.25534993325481004, -0.25645805094161256, -0.2546602137057859, -0.24194256853468868, -0.2518024546459876, -0.25714475575289514, -0.23416271618843884, -0.24610505888815032, -0.2396616560435347, -0.2556120199452535, -0.254415850870238, -0.25582081103977605, -0.2491113353669532, -0.24219236791157864, -0.2540792132994728, -0.251886627573035, -0.22884976446349903, -0.25343996650502165, -0.2687416020266203, -0.2677952601186539, -0.277969470999455, -0.2755295204883798, -0.282363319721853, -0.28012539629065225, -0.27899994369262937, -0.2859335543583534, -0.2884330149884803, -0.2943685707818628, -0.2619259647729456, -0.3011280328543208, -0.3097775375831652, -0.2936699862388336, -0.3019482673458561, -0.30547773811191353, -0.30483217699801973, -0.31013864696178395], "error": [0.004769210158808787, 0.00497292429852391, 0.004393924947612198, 0.004231898659186758, 0.004294285781171943, 0.0041878869731577315, 0.0052277455545233515, 0.003992467049873538, 0.006678812250570231, 0.008194307367203661, 0.004124276718140852, 0.004225220491279274, 0.00492879898821647, 0.006082107566677132, 0.004868088478582785, 0.005589837775925536, 0.004411994175373254, 0.007187589046125362, 0.005201940105349304, 0.0051304609486171535, 0.008100329042469883, 0.006539232206834612, 0.009309098134970462, 0.005797967577609936, 0.006717834907817111, 0.011393434685411163, 0.011882999121921308, 0.012042421455119589, 0.006752881528851032, 0.006527783125571416, 0.010503805529299368, 0.01054418273549488, 0.005531987540282076, 0.007052084187402093, 0.013753843856515985, 0.004956114379109033, 0.005165476078342067, 0.005009319862805442, 0.012949502113626101, 0.005222593463793527, 0.004511640774337264, 0.00302631662276205, 0.03578498230700811, 0.0056392615426598255, 0.0037991869298416724, 0.0075521863972961515, 0.004736911120664389, 0.0029077851161766785, 0.00521970659188881, 0.001979948774772299], "variance": [0.0076424428210653365, 0.00830927196249344, 0.0064870096856036175, 0.006017412663906563, 0.006196139164446176, 0.005892901492781261, 0.009182652723833793, 0.005355770496493507, 0.014987795114331312, 0.022561282204677954, 0.005715245238460355, 0.0059984360351752275, 0.008162467980657883, 0.012429322904084092, 0.007962623906264312, 0.010498752217351153, 0.006540472714785245, 0.017358242595449713, 0.009092220768839554, 0.00884406752721597, 0.022046751080350434, 0.014367883439247432, 0.029117527517067542, 0.011295119818421387, 0.015163446765158541, 0.04361627892072534, 0.047445104492211745, 0.04872669127291546, 0.015322073404746344, 0.014317616051590296, 0.03707085668070623, 0.03735640929199478, 0.010282569745000945, 0.016709915505765432, 0.06356052219868596, 0.008253191432240604, 0.00896520008695051, 0.008431343923933436, 0.05634370727691111, 0.009164562115987781, 0.006839247232158617, 0.0030772870132051828, 0.430269826127529, 0.010685226970831418, 0.00484976396616761, 0.01916393451151369, 0.007539277860264849, 0.0028409519987044967, 0.009154433200216918, 0.001317186242642702]}