{"Np": 1120, "sample size": 130, "mean": [-0.42169319280307344], "error": [0.014521161986205032], "variance": [0.027412338905848786]}