{"Np": 640, "sample size": 6144, "mean": [-0.5364493151966832, -0.5366544121406397, -0.5365976862917551, -0.5365726471753572, -0.53660978237402, -0.5366084829216691, -0.5366022561652363, -0.5366097075839926, -0.5366191301891107, -0.5366383581914304, -0.5366361582715165, -0.536620231019854, -0.5366116744639507, -0.5366288677223218, -0.5366388481880606, -0.5366346144087367, -0.5366318727253359, -0.5366299196897604, -0.5366322581285945, -0.5366315235909255, -0.5366358480399199, -0.5366335441298351, -0.5366365020350081, -0.5366310627918697, -0.5366358638345673, -0.5366336124642546, -0.5366370237310325, -0.5366299893673308, -0.5366297979792264, -0.5366353455603533, -0.5366365161739745, -0.5366346383557584, -0.5366290635608476, -0.5366298877658423, -0.5366394445712225, -0.5366317814724767, -0.5366290700057013, -0.5366326705064519, -0.5366360834752012, -0.5366339827536734, -0.5366353434984915, -0.5366346342231431, -0.5366349655872522, -0.5366350118266027, -0.5366337110404845, -0.536632073091881, -0.5366334904758129, -0.5366326009191001, -0.5366332859347014, -0.5366348607943126], "error": [7.610071944825124e-05, 6.038139776994477e-05, 4.686256290756391e-05, 3.6436777453161705e-05, 2.974158399069814e-05, 2.4615699076800185e-05, 1.9853577152287003e-05, 1.5945823222015283e-05, 1.331255532408914e-05, 1.1649731797758228e-05, 1.0083053953642384e-05, 8.894663591887208e-06, 7.857222347081998e-06, 7.289921033220158e-06, 6.196606523186942e-06, 5.666708766379068e-06, 5.468980705982075e-06, 4.9440230658634736e-06, 4.611885780509329e-06, 4.129218468836986e-06, 4.0217579105610596e-06, 3.7745222933638984e-06, 3.654566822413343e-06, 3.4116550919621982e-06, 3.210659446883902e-06, 2.9310524850821127e-06, 2.737760813957364e-06, 2.6978603400047347e-06, 2.485766445664994e-06, 2.405366146189708e-06, 2.1536459638122627e-06, 2.2153143633746184e-06, 2.0896151671692392e-06, 2.0384483757970856e-06, 4.966763206236044e-06, 1.8922418831064806e-06, 2.8323645747991047e-06, 1.7359880008776319e-06, 3.6263390595043012e-06, 1.6775593346782488e-06, 2.877724395103268e-06, 1.5630616795683766e-06, 2.4969748965156203e-06, 2.199665090734751e-06, 1.7070845275304785e-06, 1.9556950060104393e-06, 1.7604602976443265e-06, 1.443366570602208e-06, 1.2221020847822805e-06, 1.294677172137653e-06], "variance": [3.5581867011326635e-05, 2.2400490680231678e-05, 1.3492837185118524e-05, 8.157012487196056e-06, 5.4347478114862195e-06, 3.722850146547188e-06, 2.421746846157696e-06, 1.5622304454313685e-06, 1.0888650501546031e-06, 8.338406458963916e-07, 6.246480508849969e-07, 4.860828082965127e-07, 3.793056338625622e-07, 3.2651027663207825e-07, 2.35916896685279e-07, 1.972935981647301e-07, 1.8376550376901137e-07, 1.5018002888165416e-07, 1.306797493399397e-07, 1.0475793508383415e-07, 9.937635343048987e-08, 8.753368192881292e-08, 8.20583956038719e-08, 7.151241502624724e-08, 6.333440461126559e-08, 5.278352591036024e-08, 4.6051333782162363e-08, 4.471879934466332e-08, 3.796398994878859e-08, 3.554787101021508e-08, 2.8497045119661163e-08, 3.015240332435798e-08, 2.6827724063930737e-08, 2.552998982117238e-08, 1.5156471857246299e-07, 2.1999079490656417e-08, 4.9288944135640555e-08, 1.851589225999022e-08, 8.079565808324531e-08, 1.7290477494473493e-08, 5.0880293032995646e-08, 1.5010786186046144e-08, 3.830712504624656e-08, 2.9727906886023912e-08, 1.7904461316919036e-08, 2.3499220724945954e-08, 1.9041610503671503e-08, 1.2799838559018874e-08, 9.17626985858578e-09, 1.0298505093453927e-08]}