{"Np": 12976, "sample size": 5280, "mean": [-0.5044633698798111, -0.5094957810509136, -0.5137789621800162, -0.5143055614529548, -0.5205679309286719, -0.5255429923977095, -0.525141939340814, -0.5302055556316132, -0.5356242056108901, -0.534666617567092, -0.5372493056067771, -0.5400093783364813], "error": [0.0014880292504740155, 0.0013605946892644369, 0.0013659689472446644, 0.001350592313060971, 0.0012323388208145291, 0.0012991034501218205, 0.0015028818939131778, 0.0012560080902149925, 0.0013369506519754113, 0.0012209025346134937, 0.0011438531849290413, 0.0013746494352169748], "variance": [0.011691139945405854, 0.009774430556640233, 0.009851799750337759, 0.009631245867404747, 0.008018519357832952, 0.008910896407345242, 0.01192569305163488, 0.008329497383779506, 0.009437667601916283, 0.00787038383485545, 0.006908352573789804, 0.009977410448239596]}