{
    "system": "4x4 Fermi-Hubbard, t=1.0, U=8.0, N_f=14, D=4, chi=4",
    "Np": 3200,
    "sample size": 4096,
    "mean": [
        0.7965294380969103,
        0.7999844581380189,
        0.7631527936376784,
        0.7050497293163589,
        0.6048504282525975,
        0.500482758216903,
        0.39896648505323473,
        0.38361913049133306,
        0.31650818202202746,
        0.24286946895657674,
        0.15970757886821085,
        0.16602016842249012,
        0.07961237109324502,
        0.031465754937180984,
        0.018549600788401333,
        -0.017111992775245638,
        -0.04759095103590633,
        -0.06910385964840768,
        -0.08087310375414078,
        -0.09826621404477362,
        -0.11743131800693278,
        -0.13197955974001244,
        -0.16054877450581678,
        -0.1515368717928656,
        -0.174541339760071,
        -0.18043790772883725,
        -0.20804595553736388,
        -0.2202192581740544
    ],
    "error": [
        0.009033341998972554,
        0.008794578235978144,
        0.009087478352762527,
        0.010031519011557476,
        0.012442656963078865,
        0.02022510576646545,
        0.016214074780424335,
        0.018588697939757957,
        0.012734832706540754,
        0.014360033408287615,
        0.018235161049671794,
        0.013712642894559793,
        0.012285941517448965,
        0.011996585604378945,
        0.015416977814605784,
        0.009838512512953916,
        0.009949638273289395,
        0.008249336856260597,
        0.008407736156938054,
        0.008144989350416045,
        0.008161859998595358,
        0.007503126678321292,
        0.007386778020444795,
        0.007898387380012948,
        0.0063611326413629795,
        0.006036911479916023,
        0.005430442504550654,
        0.005288224590205317
    ],
    "variance": [
        85.56513084875888,
        81.10169794673686,
        86.59377881027973,
        105.51964328708179,
        162.3402346455813,
        428.9251542457008,
        275.66666781576913,
        362.32462713021977,
        170.05382369393257,
        216.22744362478355,
        348.673643388566,
        197.17063982838832,
        158.27663215151145,
        150.90903014513535,
        249.22890429902037,
        101.49830691919053,
        103.80409754805095,
        71.35723107706151,
        74.12386605006427,
        69.56342472174815,
        69.85189544340595,
        59.03158864871341,
        57.21501416641142,
        65.41491380394163,
        42.429588156987265,
        38.2146185436509,
        30.922197743939485,
        29.32376266756817
    ]
}