{"Np": 80192, "sample size": 128, "mean": [-0.3354206981489455, -0.3289112482906466, -0.32919417450438915, -0.34249319937451017, -0.343659358535229, -0.3338747341958189], "error": [0.009426058061979875, 0.007604465151386926, 0.005869841727999674, 0.00681031967417015, 0.005602292324793535, 0.005694462215193344], "variance": [0.011372873035240424, 0.007401969950548247, 0.004410245364706074, 0.005936698120241795, 0.004017366949432391, 0.004150643189793879]}