{
    "system": "4x2 Fermi-Hubbard, t=1.0, U=8.0, N_f=6, D=4, chi=-1",
    "Np": 640,
    "sample size": 4096,
    "mean": [
        -0.6432839968094421,
        -0.651233869555276,
        -0.6572218879446949,
        -0.6590828140317593
    ],
    "error": [
        0.0023624117616701077,
        0.0019133164820893847,
        0.001713644296544563,
        0.0019698872201557756
    ],
    "variance": [
        1.463022867363204,
        0.9596515020006748,
        0.7698059821264955,
        1.0172381685699179
    ]
}