{
    "system": "4x2 FH t=1.0 U=8.0 N_f=6 D=4 chi=-1",
    "Np": 640,
    "sample size": 4096,
    "mean": [
        0.9752489236000246,
        0.8699913374454316,
        0.7206178853569447,
        0.512994357290526,
        0.29021182371297716,
        0.10249443734579924,
        -0.09905362720768263,
        -0.19618187733776288,
        -0.27175268321332247,
        -0.33307343496475766,
        -0.3705284294901543,
        -0.3992240155110678,
        -0.4416752874808708,
        -0.4643691433840213,
        -0.48499569970157386,
        -0.49620958027697015,
        -0.515277499139151,
        -0.5292060715525839,
        -0.5382449669805156,
        -0.5547452318308985,
        -0.5618848470609588,
        -0.5698049670942985,
        -0.5820179645000058,
        -0.5886960809089812,
        -0.5864663243765029,
        -0.5978923167344241,
        -0.5973299179119634,
        -0.603824834581865,
        -0.6101288124479076,
        -0.6108512063944999,
        -0.6152781665397731,
        -0.620221427604594,
        -0.6155310654866359,
        -0.6247253804969205,
        -0.6258903145459938,
        -0.6212472404601372,
        -0.6293376363530857,
        -0.6353176162735287,
        -0.6338394810455872,
        -0.6359658708530492,
        -0.6352523970060856,
        -0.639720401460891,
        -0.6424160345089703,
        -0.6437729038116181,
        -0.6428721908035022,
        -0.645265494646341,
        -0.6474504226459861,
        -0.6481915075650492,
        -0.6480981369360557,
        -0.6515806927735427,
        -0.6478145796113648,
        -0.6545304323060392,
        -0.6527044792801544,
        -0.6537371072345406,
        -0.6564095665170444,
        -0.6540854328571997,
        -0.6521902382286966,
        -0.6570884448738268,
        -0.65650116080252,
        -0.6529854950529852,
        -0.6592410799189495,
        -0.662105513999058,
        -0.6614409857576642,
        -0.6597007281215357,
        -0.6622653535623031,
        -0.6646864914012023,
        -0.6663139604273838,
        -0.6639745297738153,
        -0.6644217218913726,
        -0.6631610395471245,
        -0.6579522469838501,
        -0.6695591595036059,
        -0.6661909862738764,
        -0.6670079951183433,
        -0.6637761681841441,
        -0.668313082515731,
        -0.6657673835621577,
        -0.6695917007555435,
        -0.6682960708007,
        -0.6670404234874238,
        -0.6698829333581391,
        -0.6687216737890032,
        -0.6700783161299966,
        -0.6716905893973744,
        -0.6706234124359733,
        -0.6707202795969991,
        -0.6731667183890993,
        -0.6697275636439874,
        -0.6715764125448755,
        -0.6743462187460092,
        -0.6738693336241586,
        -0.6718642702308434,
        -0.6755339036842969,
        -0.6738437733369734,
        -0.6746892411319054,
        -0.6747391473860234,
        -0.6788802803088788,
        -0.6713625678624238,
        -0.6762324897462906,
        -0.6747536051587206
    ],
    "error": [
        0.012534031406617881,
        0.012565724983237206,
        0.012379370601881623,
        0.01219732519095921,
        0.011916169522679099,
        0.01638927623937902,
        0.009251672695109337,
        0.008971655348748697,
        0.009122497289238245,
        0.0065393265531026755,
        0.006335099844573155,
        0.0050453152807329515,
        0.004599892054118129,
        0.0042205506229226804,
        0.0033958787209260235,
        0.003635211167879534,
        0.0035363849664895915,
        0.003444897138839598,
        0.004123440104452731,
        0.0030345772498253025,
        0.002438048485981555,
        0.002323634268467438,
        0.0024096965783034874,
        0.0023445877425815444,
        0.0024059157457915568,
        0.0024903311418179247,
        0.0022360562528578507,
        0.002274338346040078,
        0.0023471668113504668,
        0.0021486593230494516,
        0.002476673780869482,
        0.0019110725373546412,
        0.004217476450855477,
        0.002282663457534016,
        0.002017998451495048,
        0.0025724619573834146,
        0.0023312588718667677,
        0.0018812883768592114,
        0.0018411541529472233,
        0.0019583350409999012,
        0.001802206952480674,
        0.0020793593263866545,
        0.0018465649096792063,
        0.0017190487308179027,
        0.002033556213650095,
        0.004160819715562898,
        0.001837159094533722,
        0.001777988487162335,
        0.0019637763613307947,
        0.0015904831999884277,
        0.0026870241281668726,
        0.0019282241054518212,
        0.0015820171749047131,
        0.0015731763142024671,
        0.0014793706176948532,
        0.0015628716905681946,
        0.0023580975930121884,
        0.0015379642411697972,
        0.0016657818328685312,
        0.003720979703335608,
        0.001524203424323124,
        0.0014906081622307254,
        0.0017831789777169376,
        0.001468555633450321,
        0.001992699924646559,
        0.0016199990122629574,
        0.00229386459343935,
        0.0015329303923081572,
        0.0014679618073522084,
        0.0016571299869625738,
        0.0021975699329565466,
        0.0023605829244538598,
        0.0013613390064859026,
        0.0015564709573986232,
        0.001596788655491782,
        0.0012215897585131806,
        0.001879178342300507,
        0.00114593486764444,
        0.0012083215165983323,
        0.0013683595385336252,
        0.0015277535844442707,
        0.001255006644285613,
        0.0014051679217457877,
        0.0014434610504401072,
        0.001247933076191918,
        0.0011893599692288739,
        0.0024371141401033436,
        0.0012847877901502483,
        0.0015984991192057004,
        0.0010915931929352189,
        0.0016313313418101526,
        0.001840149053289609,
        0.0012556011430932055,
        0.001018043707742977,
        0.0013021203109504077,
        0.0011082808138934213,
        0.0011965486296169438,
        0.0025200300186715954,
        0.0010886496138022312,
        0.0011922901541584043
    ],