{
    "system": "4x2 Fermi-Hubbard, t=1.0, U=8.0, N_f=6, Slater det",
    "Np": 96,
    "sample size": 4096,
    "mean": [
        1.0741069583024068,
        0.9679098728538812,
        0.7391094393303359,
        0.44368153612041356,
        0.13980621450034725,
        -0.1980750574229689,
        -0.28291010377972886,
        -0.2995850746203446,
        -0.3170417418752193,
        -0.3510929471577707,
        -0.33296692515249665,
        -0.34794934343330786,
        -0.36699604527312524,
        -0.3610278546545538,
        -0.3698919822913872,
        -0.3540505277540342,
        -0.36069513031327355,
        -0.3576837256053762,
        -0.3731336909604443,
        -0.3539242583331895,
        -0.3672244992699651,
        -0.367490868273031,
        -0.36670429290649514,
        -0.3743347454172258,
        -0.3739425529317124,
        -0.37618136822170073,
        -0.38409658314501643,
        -0.37625968510542845,
        -0.373226515364221,
        -0.3743268045444743,
        -0.35603682852301133,
        -0.36758462842508155,
        -0.38244950011168954,
        -0.37387065122105845,
        -0.36687083374539037,
        -0.3784360429935605,
        -0.3911834898936525,
        -0.38675775690934544,
        -0.39702065668868514,
        -0.38795165864047826,
        -0.3856705147680968,
        -0.3711514492417777,
        -0.3523814420030994,
        -0.3655071459276062,
        -0.385531000657116,
        -0.38681882898493103,
        -0.3901143468868567,
        -0.3849358355467852,
        -0.3930984993420086,
        -0.38874981708831596,
        -0.3878002133892372,
        -0.40839475662592595,
        -0.36974866089540176,
        -0.3956665383943161,
        -0.4025600545183068,
        -0.4163572929798889,
        -0.42456940454805037,
        -0.42318545328871626,
        -0.4156837182783938,
        -0.41835704731791984,
        -0.40575994714423025,
        -0.4239185849773144,
        -0.4235499994577826,
        -0.4354703777694514,
        -0.4307325294329075,
        -0.43226517944867887,
        -0.43984585930253794,
        -0.44343613795381365,
        -0.44405310589953173,
        -0.4491388969380068,
        -0.4507429192698798,
        -0.44619503912743014,
        -0.4745593717017557,
        -0.4301006510005077,
        -0.41584950671881477,
        -0.44062574638425983,
        -0.45310352165637025,
        -0.4461323843809103,
        -0.448687107970137,
        -0.46048685521651844,
        -0.4482202983343039,
        -0.44490519198282724,
        -0.44432941201955156,
        -0.43946370188401807,
        -0.45940852176823577,
        -0.4493398192044795,
        -0.4499493798992562,
        -0.46733355327236514,
        -0.4609523102697495,
        -0.46717300849714144,
        -0.4272126082671027,
        -0.45099823790385063,
        -0.4569874507966093,
        -0.450066430558712,
        -0.45266408640981215,
        -0.4479170664325851,
        -0.45736009177267967,
        -0.4500988451049953,
        -0.4420341339555458,
        -0.4489808728938769
    ],
    "error": [
        0.012251081929777701,
        0.012764531344091529,
        0.012363267124995544,
        0.011690955133068422,
        0.01109171020526367,
        0.010438404306214677,
        0.010837541590250601,
        0.00642188028649263,
        0.0052871322931830125,
        0.004999770702089593,
        0.005892657029815133,
        0.005395374250104582,
        0.004407142755618903,
        0.005042802850408721,
        0.003826848909247046,
        0.004515252652295154,
        0.004679045732343379,
        0.004652334703482591,
        0.004639645652517138,
        0.004787840959372718,
        0.004808243802402046,
        0.004872601572107448,
        0.004189698508904129,
        0.004193611537036359,
        0.004070999255952145,
        0.004091763418006331,
        0.004675567227693002,
        0.005602873812209982,
        0.00476491959806029,
        0.004073800673652289,
        0.005186866584907684,
        0.004808484804162097,
        0.004380460725589802,
        0.004804729113574907,
        0.0054510394169887035,
        0.004333259933738381,
        0.004435985074858138,
        0.004364412607477997,
        0.005280775634596383,
        0.0038663517453582158,
        0.004633567211837432,
        0.005159642668636473,
        0.005642467216911794,
        0.005881583491489742,
        0.004662187412101156,
        0.005044752315738576,
        0.00478897009528323,
        0.005304581248282988,
        0.004669768183252275,
        0.004626287873979977,
        0.005859901539863386,
        0.005363832149250597,
        0.005578405197540157,
        0.0047094821287208734,
        0.004866296332757883,
        0.004916739509291939,
        0.004273307972740091,
        0.004677054721945731,
        0.004497355322818229,
        0.0049048435873238335,
        0.006840078641972643,
        0.004851129523568755,
        0.005690755159588972,
        0.004972272998372372,
        0.004919393436385041,
        0.004785535799438783,
        0.006095624873835937,
        0.004102101285418382,
        0.00463724991167655,
        0.0047388324025171335,
        0.004557037906919716,
        0.004591232655233196,
        0.008294828406070393,
        0.00671906399750809,
        0.005607787028845095,
        0.005204202177457722,
        0.0052203481268680236,
        0.004502270321696865,
        0.004713636451350369,
        0.0044833360834581545,
        0.0045299031906680855,
        0.005083110493559935,
        0.005608487869124857,
        0.004600557931024446,
        0.004897845542698153,
        0.005044502682387452,
        0.0051204523699531195,
        0.004134870048809548,
        0.004997728410626946,
        0.004534129184108497,
        0.005179252985234117,
        0.00514429697915701,
        0.004762362383727125,
        0.005040086184390969,
        0.005361222861209367,
        0.004710420565062,
        0.00479508049105658,
        0.005443113334241436,
        0.005270429344525332,
        0.004914533639125006
    ],