{
    "system": "4x4 Fermi-Hubbard, t=1.0, U=8.0, N_f=14, Slater det",
    "Np": 448,
    "sample size": 4096,
    "mean": [
        1.351234978983796,
        1.3716982201512962,
        1.337074162271509,
        1.245169970458424,
        1.079919515187104,
        0.8576142574805834,
        0.5765229748124311,
        0.3592614934657157,
        0.1323396314264193,
        0.03303414447229644,
        -0.043100249841738575,
        -0.0765818937779659,
        -0.09727390619207034,
        -0.10509135827364638,
        -0.11887807929298448,
        -0.13660743289217112,
        -0.14124951852573647,
        -0.1397885552855091,
        -0.14548010226378358,
        -0.15189133642384178,
        -0.16493021496762966,
        -0.1596343404792167,
        -0.17261393753429558,
        -0.18086863883693594,
        -0.1800829991213962,
        -0.1762610278485095,
        -0.1545313116323963,
        -0.16879637719208382,
        -0.19515160254864783,
        -0.19993723131928176,
        -0.19846837008500692,
        -0.21163914103879142,
        -0.2250666031678492,
        -0.21621938228319237,
        -0.2269579955632539,
        -0.21484298762687434,
        -0.2102409121630206,
        -0.22066989691234362,
        -0.24465374959574174,
        -0.23262199054232832,
        -0.23761631122807017,
        -0.23944942396778487,
        -0.22728192618595197,
        -0.24827428754485756,
        -0.2335645385259475,
        -0.23303165479653287,
        -0.2292202254233322,
        -0.2369543520332401,
        -0.24489824090664536,
        -0.23556748084929707,
        -0.22673572668447467,
        -0.23547596663692594,
        -0.24839529151744424,
        -0.23328016737183835,
        -0.24699523419748118,
        -0.2480451110499689,
        -0.240814168143002,
        -0.21736130649140328,
        -0.23554932366352435,
        -0.23445667573521373,
        -0.23448153642556027,
        -0.2407746812003997,
        -0.23805136075213668,
        -0.2419233631030437,
        -0.24439160270985977,
        -0.226684483169032,
        -0.21903137331725708,
        -0.2329544098373911,
        -0.2344951089178805,
        -0.2195496660975391,
        -0.23557261874721105,
        -0.22864331857628223,
        -0.25157184937243965,
        -0.2506533575917238,
        -0.23713955101888257,
        -0.2335210933129337,
        -0.24087141481811278,
        -0.2460713175780923,
        -0.2482122893422096,
        -0.2310235612275534,
        -0.24143954245020027,
        -0.24665988279078585,
        -0.22674623248764406,
        -0.23198639241248825,
        -0.24419655226400175,
        -0.2287452696402224,
        -0.24225103766771972,
        -0.24637363640107132,
        -0.24226804000898383,
        -0.2516125438071257,
        -0.2562448810742286,
        -0.24066113748598217,
        -0.24491083192690788,
        -0.2533230907707088,
        -0.25291679937710176,
        -0.2597023354226459,
        -0.2467296939034979,
        -0.2522878921662094,
        -0.24914294911355386,
        -0.2586008469140456
    ],
    "error": [
        0.009195532934730456,
        0.009334497001800163,
        0.009134898881266099,
        0.009895595080155034,
        0.010868484714598368,
        0.010696170465288132,
        0.012683498144686962,
        0.013414274140326206,
        0.014971954482063536,
        0.01252239226981103,
        0.009592541855145425,
        0.009149989912043785,
        0.007696025679597661,
        0.007554021068393537,
        0.005729822165201711,
        0.005679122295715724,
        0.0062137328248338935,
        0.006030698513708042,
        0.005352224853149158,
        0.0058134045897715895,
        0.0059367675944306765,
        0.005245482170600457,
        0.005503501881396695,
        0.005682525176397268,
        0.00539122576917949,
        0.005310864036718161,
        0.005085917675255899,
        0.005412254543294187,
        0.005722071346627396,
        0.005295660529671898,
        0.0049917958728521285,
        0.005339167157888693,
        0.004557514571783623,
        0.0052339663842824145,
        0.00469449813424321,
        0.005237210889610464,
        0.004969476466782271,
        0.005172955482800129,
        0.005275119987562857,
        0.005167447881878065,
        0.004502698697515442,
        0.004895253919499273,
        0.004771494953628082,
        0.004878099011671967,
        0.005003966248202958,
        0.0050787338318079266,
        0.004855949778506171,
        0.005575149433986184,
        0.004952729791031902,
        0.005285777533738077,
        0.004972004433685783,
        0.004930193578229515,
        0.005362517376060622,
        0.004987714754227949,
        0.005287424907438053,
        0.004375178038046435,
        0.0056676639241143864,
        0.005326204764181576,
        0.005546018244544242,
        0.005649249743398407,
        0.005766721235573568,
        0.005040280139276081,
        0.005307169246892971,
        0.004937562065868591,
        0.0052450805071467144,
        0.005164928470537035,
        0.005619214494953261,
        0.005607927405627478,
        0.005160520540140837,
        0.0049042909884887,
        0.005248930894229254,
        0.007877155161310299,
        0.004780202124288907,
        0.004943318186079467,
        0.0046655117475986226,
        0.005318810743736665,
        0.005014308472969927,
        0.00468826068472425,
        0.005239337363031725,
        0.005499105330359418,
        0.006234154094520667,
        0.005495619812815021,
        0.005613062270368335,
        0.005004254490752488,
        0.005400687877729941,
        0.005149536123929214,
        0.005670341152189928,
        0.0054549875368099365,
        0.004961392441692209,
        0.005595736349395454,
        0.005117108952229956,
        0.005597213273447996,
        0.0047652661703095345,
        0.0049672378093966315,
        0.005248441763899102,
        0.004829213627959389,
        0.00473927836025623,
        0.005149313063775541,
        0.005245484393286312,
        0.00503835518886293
    ],