{
    "system": "4x2 Fermi-Hubbard, t=1.0, U=8.0, N_f=6, D=4, chi=16",
    "Np": 640,
    "sample size": 4096,
    "mean": [
        0.9327622635518056,
        0.6912329366139665,
        0.3464853890462062,
        -0.011686790021965147,
        -0.16291710907471074,
        -0.2562884741976135,
        -0.3454117418612265,
        -0.3954272264470772,
        -0.4518629919352479,
        -0.5057639417705898,
        -0.5309408818492963,
        -0.5541701398423992,
        -0.5725163088409515,
        -0.5892633358199426,
        -0.5993665117842777,
        -0.6025718520968075,
        -0.6141932181022338,
        -0.6166952265133637,
        -0.6278277428535666,
        -0.6302663695310947
    ],
    "error": [
        0.01247337715279808,
        0.012612946838448946,
        0.014054426446916986,
        0.013418557902482262,
        0.011623175854158273,
        0.010497450867476459,
        0.0068149159345612985,
        0.006260132233883252,
        0.005117061710699072,
        0.004224639436362299,
        0.003973760959422765,
        0.0053991538987376644,
        0.0033287041122919635,
        0.002819221694776026,
        0.002648132682022375,
        0.004055399797073486,
        0.0023174733137160757,
        0.0026847806220475956,
        0.0019332361632473354,
        0.001960530615304762
    ],
    "variance": [
        40.78571030995144,
        41.70355256840402,
        51.78049239496776,
        47.20104470800477,
        35.415186980651114,
        28.887344667710522,
        12.174774552530124,
        10.27322821625882,
        6.864062526548215,
        4.678635583508989,
        4.139457226377143,
        7.641723783676984,
        2.9046265786373056,
        2.0835233862243605,
        1.838312771182924,
        4.311290351217192,
        1.4078922089525854,
        1.8895462697591832,
        0.9797375263735226,
        1.007597726871655
    ]
}