{
    "system": "4x4 Fermi-Hubbard, t=1.0, U=8.0, N_f=14, D=4, chi=-1, nn_eta=1.0, embed=8, hidden=16, backbone_dtype=float32",
    "Np": 24272,
    "sample size": 2048,
    "mean": [
        -0.5291004164291957,
        -0.5281226097521372,
        -0.5305384596215421,
        -0.5300510954717033,
        -0.5318410976988305,
        -0.5351254175226836,
        -0.5353651323393351,
        -0.5444071761994173,
        -0.537530640815209,
        -0.540217579140917
    ],
    "error": [
        0.002270486485806007,
        0.0020341417789973763,
        0.0022863173856114143,
        0.0020091558824785706,
        0.0020342272107504466,
        0.0019831333900384596,
        0.0018195924523412921,
        0.001741901090690892,
        0.0017588622721159586,
        0.0018203759974805853
    ],
    "variance": [
        2.702761725645402,
        2.1693636422206026,
        2.740582973570554,
        2.116397228411188,
        2.1695458678970994,
        2.06192930596346,
        1.73587389093899,
        1.5908048258990704,
        1.6219355177407806,
        1.7373692020409948
    ]
}