{"Np": 1264, "sample size": 1280, "mean": [0.28737344090692235, 0.24535551031565941, 0.009634783888674166, -0.0683206247904897, -0.08024532116071022, -0.12754841054985222], "error": [0.024255302229802978, 0.021577753093123705, 0.015018522665949254, 0.005095233797375207, 0.015557060543948148, 0.006345081743121406], "variance": [0.7530491984116293, 0.5959672685411963, 0.28871170952656827, 0.03323060153589065, 0.3097883299431273, 0.051532879778422504]}