{"Np": 128, "sample size": 1536, "mean": [0.5524457458968883, 0.5566370314318402, 0.5871379087781556, 0.5177030472734363, 0.5789578081830048, 0.57272511372243, 0.5296411732958056, 0.5484583081579252, 0.4951783594419081, 0.44684033452257976, 0.42300850642508037, 0.43629496581873695, 0.4174053427637164, 0.358253856311101, 0.3210491939695425, 0.3362142929160797, 0.3099021186085871, 0.27030428295099634, 0.26130558420983746, 0.30279620559316567, 0.2895688107543706, 0.25114853228118633, 0.20633015328273552, 0.18247956716664182, 0.18915536849045678, 0.1898306809576157, 0.15820513301017286, 0.1534804895625013, 0.17887504811289526, 0.1719504412905993, 0.1811513816176734, 0.12640319202269165, 0.139470166652653, 0.11783111002933859, 0.14149222459541314, 0.17034707437494231, 0.09076719254195531, 0.11854850709886149, 0.1128502863740022, 0.13261033831871588, 0.13536714800381588, 0.11145159435882208, 0.11650865879478778, 0.0507128804786356, 0.0632089824521907, 0.05770933156698893, 0.021908127074920136, 0.0427733846494687, 0.031094016130056194, 0.059704738411720436], "error": [0.027758544950773307, 0.02705045808981796, 0.02619422615620652, 0.02587523020103032, 0.027319233902813937, 0.02731720538648334, 0.025613308975685017, 0.026965633877241216, 0.026205682170361937, 0.024315870769028844, 0.025248833458882326, 0.02765348503882324, 0.02614104345300243, 0.023958294685286142, 0.023731367038344546, 0.022958940025516728, 0.022994347801577043, 0.021624505215973866, 0.021559642632727458, 0.02377600163734956, 0.02355993408311662, 0.02153854573848307, 0.020781008314011314, 0.0191495636380709, 0.02026946260169786, 0.02118049243824454, 0.01961475953885412, 0.018476676678497048, 0.020049992448019513, 0.019302070966280272, 0.020723840754906218, 0.017686802305451027, 0.01949318450546238, 0.017979192236184403, 0.01964586250110109, 0.02008859174606285, 0.015974890535275114, 0.01756542971502877, 0.017591222745723445, 0.017970902692200533, 0.018948901079392625, 0.018127858900776825, 0.018308101618841825, 0.017159252173483415, 0.015838859860545063, 0.01524223215762819, 0.014410638382581081, 0.01543817782570528, 0.01575048457722733, 0.015952537317232812], "variance": [1.1835445521163812, 1.123933106486781, 1.0539071753049505, 1.0283942983008945, 1.1463790710323074, 1.1462088347555548, 1.0076798925064807, 1.11689535037658, 1.0548292270295432, 0.908177773449387, 0.9792055158288009, 1.1746026006411585, 1.0496319787188653, 0.8816638221726878, 0.8650410723972495, 0.809645456018341, 0.8121446873393525, 0.7182631308836059, 0.7139607405326122, 0.8682981179278064, 0.8525882787852289, 0.7125641510841251, 0.6633220708562032, 0.5632600896438177, 0.6310673113522608, 0.6890699672471565, 0.5909587841542175, 0.5243713245415168, 0.6174753748464222, 0.5722674333501233, 0.6596775561749176, 0.48049609081667755, 0.5836557959639018, 0.4965140789232745, 0.5928344270010932, 0.6198551321702161, 0.39198278801513853, 0.47392407716907375, 0.4753169167713145, 0.4960563357274219, 0.5515174688511083, 0.5047591961494634, 0.5148465943846481, 0.4522597403953079, 0.38533552386352987, 0.3568521848018456, 0.31897574183964533, 0.3660861459119588, 0.38104744614524316, 0.39088657437343555]}