{"Np": 39200, "sample size:": 5003, "mean": [15.314641548928641, 14.953788329426724, 14.518595505180043, 14.023878774102329, 14.030072664761272, 13.768255886645878, 13.309107642555468, 12.57453815135432, 11.831111593851723, 11.414830856761174, 10.839439228326523, 10.273209825436581, 9.822812425323027, 9.300737925293685, 8.78487510209185, 7.87132363839886, 7.49814098528651, 7.526779050525312, 7.003052901855814, 6.453972873474427, 5.894672953336992, 5.447038853558145, 4.8589494421890285, 4.523842745623864, 3.734435183730524, 3.527609857118995, 3.18772700093396, 2.9277472306888837, 2.568012037641669, 2.3574148364455643, 1.7913548156366526, 1.5326091652443887, 1.2089540756288866, 0.9953607826660373, 0.6787806118112126, 0.7411098457140246, 0.5132328229623965, 0.17322496333659057, -0.02349238661610782, -0.00446285921504708, -0.1276403794474759, -0.18339883029268447, -0.41573720387457086, -0.4737378193728229, -0.7100069530797911, -0.6122072652903496, -0.6463023769259425, -0.8092086294690319, -0.7470589579200021, -0.9225560260160449], "error": [0.09580283364653532, 0.09436687554303198, 0.09119310136646744, 0.09456949529704854, 0.09709778488770816, 0.09542956020126933, 0.09716604735739398, 0.093563961783059, 0.09673909520204026, 0.09388379820651324, 0.09528039074799287, 0.09107112712029113, 0.09134205199237197, 0.08932176613196342, 0.0835112632055033, 0.08152650248776909, 0.07924724122645345, 0.08820914736527387, 0.0832267064642346, 0.082223650641081, 0.0776730155373255, 0.08061595659164651, 0.07717714839193994, 0.07987328462150403, 0.0726603415502127, 0.070223314823667, 0.06836511774265848, 0.06619263599112485, 0.06632474890813173, 0.07662390320378629, 0.06357020775215631, 0.05938495031054671, 0.060404616791174495, 0.05794420121063581, 0.05397094397802257, 0.05882246351838063, 0.05378200237470893, 0.04983279806214983, 0.04645780074221748, 0.04948533077554833, 0.05209991062399512, 0.04558959345556206, 0.0449908669349988, 0.05283667495134235, 0.036611652912987125, 0.04303020480893812, 0.03816878868357308, 0.0438861047684535, 0.04641951853249394, 0.032280465492085235], "variance": [45.955161954071535, 44.58787174916871, 41.63912195633187, 44.77955092977759, 47.20589500930894, 45.59775240775989, 47.27229248061007, 43.832354227320415, 46.857771870330616, 44.132537001366266, 45.45531277547865, 41.52780862616584, 41.77525590412117, 39.94773817000037, 34.9194743284695, 33.279379033696316, 31.44458708671254, 38.95873437029537, 34.68191013710154, 33.850968724805924, 30.20771839470667, 32.54015481313147, 29.823255355194974, 31.943366172312555, 26.434582847607178, 24.69108892173302, 23.401663145105562, 21.937995552683958, 22.02565439485769, 29.397211268711334, 20.23414476745714, 17.657547623194212, 18.269129672551017, 16.81115498287081, 14.584704008951405, 17.324631647356696, 14.48276642362202, 12.433921967853939, 10.806744539766541, 12.261131395560911, 13.591004239950594, 10.406604034437239, 10.13505978456678, 13.97811309910844, 6.71144853700834, 9.2709538191771, 7.294480142863281, 9.643432890080618, 10.78894190584826, 5.217436461095228]}