{
    "system": "4x2 Fermi-Hubbard, t=1.0, U=8.0, N_f=6, D=4, chi=-1, nn_eta=1.0, embed=8, hidden=16",
    "Np": 10976,
    "sample size": 4096,
    "mean": [
        -0.6432838735774323,
        -0.6451511005999562,
        -0.6525847283056601,
        -0.6580290948965988,
        -0.6624037818695249,
        -0.6656682311566294,
        -0.6682472845942408,
        -0.6724444414241105,
        -0.6705971510316213,
        -0.6767194651307542,
        -0.6768986022122304,
        -0.6790788958337353,
        -0.6811046953257555,
        -0.6832887133099016,
        -0.6832252671087158,
        -0.685833578233707,
        -0.6873524795401389,
        -0.686449646784363,
        -0.6894476641262095,
        -0.6882363518867656,
        -0.6903119552084646,
        -0.6912624177434343,
        -0.6918183638318305,
        -0.6934139829642005,
        -0.6944272357658491,
        -0.6940112341113494,
        -0.695801742916698,
        -0.6958306796339173,
        -0.6955237293486042,
        -0.6961279254227717,
        -0.69583297105369,
        -0.6972392960275091,
        -0.6981176078086787,
        -0.698493837278143,
        -0.6981084529873893,
        -0.6966816517857788,
        -0.6996291695253167,
        -0.6988915244532476,
        -0.6997719997774937,
        -0.6991339390123934,
        -0.7006789950482857,
        -0.7001353781159072,
        -0.7011061314467514,
        -0.7010298048353472,
        -0.7018765094451155,
        -0.7014300190234726,
        -0.7006686393037915,
        -0.7021805928998255,
        -0.7024037295740523,
        -0.7024240383074497,
        -0.7024021817048611,
        -0.7038127741224185,
        -0.7025734820767559,
        -0.7014040430196512,
        -0.7036806301476837,
        -0.7048057136497548,
        -0.7037129350135634,
        -0.7039176435714882,
        -0.7044544864058723,
        -0.7037604821514389,
        -0.7060477035331397,
        -0.7045672400811768,
        -0.7057144138996909,
        -0.7037237498759252,
        -0.7049412170461309,
        -0.7039869542180337,
        -0.7058533359594248,
        -0.7044482977475772,
        -0.7054559079222028,
        -0.7065379019412223,
        -0.7055626715675312,
        -0.7049253416367898,
        -0.7061816012220828,
        -0.7063959987188829,
        -0.7058476403774641,
        -0.7068717573287814,
        -0.7069059653148736,
        -0.7050990904343963,
        -0.7066791293188714,
        -0.7064671179038376,
        -0.7064476650018284,
        -0.7068312851150418,
        -0.7076533274651553,
        -0.7073182089751092,
        -0.7063974213962436,
        -0.7064207047299194,
        -0.707284737830127,
        -0.7060954392142708,
        -0.7074213386843972,
        -0.7076860159524299,
        -0.7078499459434365,
        -0.7076796045086745,
        -0.7075179119928352,
        -0.7073389305519793,
        -0.7063347344526337,
        -0.7072234436239686,
        -0.7079235690652342,
        -0.7080938305644926,
        -0.7084075227124,
        -0.7069895101768059
    ],
    "error": [
        0.0023623854570723104,
        0.002173530123258007,
        0.0015847802795123452,
        0.0014772782145786745,
        0.001239713510905406,
        0.0015192562794371356,
        0.0011054097291640426,
        0.0009313375548456072,
        0.0022409826084910925,
        0.000978306533569731,
        0.0009131727464325281,
        0.000799075848142346,
        0.001011895858647219,
        0.0013304280052769098,
        0.0007829192187111031,
        0.0013171117724013737,
        0.0007021695939854437,
        0.0007490742523895712,
        0.0009055888333022453,
        0.0007578386937177271,
        0.0006649023876235647,
        0.0006532575121140833,
        0.0012996517456165227,
        0.0006871194611245929,
        0.0007832773823227498,
        0.0005144007283658067,
        0.0006049110160127666,
        0.000664319496869128,
        0.0006299499144742415,
        0.0009489835444315645,
        0.0005008857750849699,
        0.000550838902908026,
        0.0007634900045603088,
        0.0004918368890832948,
        0.0005766205108334749,
        0.001190539612366391,
        0.0006798998492820891,
        0.000731930962696079,
        0.0005257693411523942,
        0.00114096531880926,
        0.0006394921312324014,
        0.0008063365888385014,
        0.0007392006056640043,
        0.0005547093720445298,
        0.0005205173407458658,
        0.0005078563682818579,
        0.0008588541126986557,
        0.0006219731202350349,
        0.0005814747870023827,
        0.000599278367000847,
        0.0004304895855778153,
        0.0007707147626435108,
        0.0005426136448105721,
        0.0011631727959121605,
        0.0006534115814521972,
        0.001897237661811876,
        0.0007639805592249913,
        0.0006750228854226088,
        0.0009418005938937855,
        0.0008701825731128976,
        0.0011563345282598768,
        0.0006325745507612018,
        0.0005829473803117039,
        0.0005602520783089521,
        0.0004870301859315614,
        0.001030192172543347,
        0.0006116802286937228,
        0.00074542324162323,
        0.00047110004736106094,
        0.0007605376607762341,
        0.000626374107248255,
        0.0005431881045810945,
        0.0006487190477251842,
        0.0013047798844449659,
        0.0005883577386416388,
        0.0006989633734792076,
        0.0010083143106991495,
        0.0008184577200517091,
        0.000925961033002899,
        0.00046033939839303377,
        0.0007476655549194427,
        0.000568387012933863,
        0.0003531394408176353,
        0.0006845614188584648,
        0.000660868167645578,
        0.000530365883531948,
        0.0006024943864482461,
        0.0008372424514580058,
        0.0007235028950828135,
        0.0009594142358870324,
        0.00047844948183571096,
        0.0005184662125852651,
        0.0005717280369407111,
        0.0003296391260196936,
        0.0006865965159822386,
        0.0013249522396438936,
        0.0013152071480850235,
        0.0003025433384029783,
        0.0004113821548738932,
        0.0006401044401073719
    ],