{"Np": 7136, "sample size": 11136, "mean": [-0.6400113077766103, -0.6481301019046251, -0.6529282861695588, -0.658732914676766], "error": [0.0012256412235588515, 0.0010421246760625841, 0.001026815745094123, 0.00095537222708871], "variance": [0.016728459209363833, 0.012093961487346367, 0.011741247996219943, 0.010164229123768631]}