{"Np": 3568, "sample size": 5856, "mean": [-0.6379545197453595, -0.6464009986327323, -0.6517392016498006, -0.6587018960657232, -0.6625662109149986, -0.669778068763194, -0.666883458621313, -0.6752806216121626, -0.6757782000284664, -0.6810342632328537, -0.6834366056258803, -0.6852321491855701, -0.6860324530379275, -0.6875355657196011, -0.6887509885830366, -0.692034727529732, -0.6924148505607309, -0.6928415909997045, -0.6945149306814999, -0.6951988480180527, -0.6961907924754677, -0.695567570235138, -0.6975325574193428], "error": [0.0017394860475788436, 0.001530905389647903, 0.001886885254370369, 0.001563626492352522, 0.0012008144071042157, 0.0010118848594971965, 0.004109283047961547, 0.0012235823216993115, 0.0010340012918521224, 0.0009146760546552793, 0.0010196751593829938, 0.0009059583050657151, 0.0008734245432497217, 0.0009989868375246136, 0.0008961124175942544, 0.0009248999995358781, 0.0008180346652252833, 0.0007564515708791178, 0.0006740330010287845, 0.0007615979202461174, 0.0009549773412411031, 0.0006206933775963817, 0.0005967152515981398], "variance": [0.01771915337212891, 0.013724539203382357, 0.020849327400266907, 0.014317497241227434, 0.008444089887249793, 0.005996022633759295, 0.09888562917735481, 0.008767332055342053, 0.006260993180607682, 0.0048993186607242814, 0.00608870239396097, 0.004806373198230733, 0.004467369254189769, 0.005844139852261743, 0.004702470274844524, 0.005009456693532432, 0.003918722258315974, 0.003350914341524601, 0.002660500768802691, 0.003396663832273526, 0.005340564965694673, 0.0022560841352171784, 0.002085140599764452]}